id,treatment,pre_earnings,post_earnings
1,0,47794.61771,46260.52957
2,1,42669.67004,41214.43663
3,1,46571.21138,61175.58348
4,1,40048.51518,47712.55661
5,0,73079.16251,65406.00875
6,0,39742.47316,47537.71606
7,0,37831.0329,34113.92047
8,1,57708.0222,60078.61091
9,1,43328.10915,53435.02485
10,1,40736.1887,52544.72427
11,0,54196.09972,49192.40458
12,1,42602.28836,54957.24217
13,1,55016.85045,64388.03443
14,0,54964.00118,50965.25712
15,0,41361.17039,40131.63907
16,0,51961.31459,59541.99407
17,0,49086.00442,41283.19641
18,1,43421.65446,55325.22634
19,0,48057.30868,52289.34432
20,0,53090.47443,55636.17824
21,1,63705.36144,69363.83988
22,0,58139.8086,67990.49851
23,0,52112.83692,62702.45493
24,0,53278.21173,50202.06298
25,0,55346.29086,58407.3148
26,1,57034.27917,71406.16165
27,0,60581.18325,56655.96035
28,1,60587.2853,66802.98317
29,1,51972.92266,61992.29987
30,0,40083.03337,30008.56634
31,1,50511.97902,59654.75516
32,0,47640.30013,42198.14001
33,0,62880.75725,63842.41407
34,1,27806.99627,38528.72053
35,1,59955.81514,53009.91166
36,1,40574.41994,49503.71438
37,0,49011.54799,59203.19291
38,0,42613.02502,39946.52002
39,1,54961.99187,62845.44261
40,0,67262.26546,73938.69711
41,0,58555.55659,50590.83135
42,0,62230.83067,66017.67946
43,0,52413.21935,57532.05051
44,1,53344.38515,61537.48625
45,0,49764.47849,50197.59195
46,1,49434.11511,49432.0512
47,0,52493.08596,59450.20272
48,1,54632.06292,59804.58075
49,1,59003.98588,59484.58382
50,0,44907.86637,43317.73722
51,1,54643.69864,61485.62609
52,1,57318.70704,54512.78226
53,1,44105.476,49195.12776
54,1,66763.93027,69679.54419
55,1,52678.43638,64358.56879
56,1,47536.16597,43161.71299
57,0,70152.7511,74846.53932
58,0,48529.74577,55615.21989
59,0,54086.07308,44900.62989
60,0,58232.79916,49646.88673
61,0,48868.71947,57798.21971
62,0,47275.89983,42754.03959
63,1,34140.16688,54614.31248
64,0,44847.81606,35818.61588
65,0,36271.40549,37121.64251
66,1,65944.42392,70827.45523
67,0,54818.66062,53777.68178
68,1,55518.85972,62833.67152
69,0,46686.91617,49290.14829
70,1,51235.47696,55397.18205
71,1,60484.82651,60413.95679
72,0,54486.35765,59725.15947
73,0,36599.27929,39739.5426
74,1,48723.45318,54296.37164
75,1,48748.25572,56730.09313
76,1,47224.55744,56069.26469
77,1,46826.49508,48017.83486
78,0,50798.01484,53601.41671
79,0,48987.19281,46222.01419
80,0,68205.43908,72215.60586
81,1,47843.90421,51881.90628
82,1,67388.51352,75447.11139
83,0,50781.43063,48612.45413
84,0,46267.31754,49585.82972
85,0,41494.64721,36600.80107
86,0,48927.35234,49108.19674
87,1,63739.14385,73642.30643
88,1,58468.82104,65804.84433
89,1,49440.79551,55400.93918
90,0,55904.22061,64922.02731
91,0,52063.61771,57181.80206
92,1,48941.81243,58219.51217
93,1,48497.57011,56787.70901
94,1,40959.3171,49872.80146
95,1,61008.21398,74293.72404
96,0,43479.11111,41390.76768
97,1,54283.16692,64330.18675
98,0,60237.09546,62019.5349
99,0,36613.942,34698.35432
100,0,44754.32986,44255.70435
101,0,41477.75357,42573.52698
102,1,48584.74247,49285.04213
103,0,59753.12458,64073.18846
104,1,51786.94717,56272.69005
105,1,47803.30548,53227.95129
106,0,67246.9665,74032.97925
107,0,38623.1433,39271.88432
108,1,41869.85628,54633.1985
109,0,53385.52876,50761.45622
110,0,44762.68697,39277.33778
111,0,46797.02195,45347.05622
112,0,57597.12295,43523.54946
113,1,47251.97695,56780.78571
114,1,71650.56068,71456.06797
115,1,41999.61436,43911.13725
116,1,49889.07996,58470.47277
117,1,38169.43815,43765.04364
118,0,36282.56871,34079.84142
119,1,37300.01403,32117.30216
120,1,43426.27446,54930.31461
121,1,61243.5336,69858.93377
122,1,22524.95157,37803.55822
123,0,59488.13096,56506.23178
124,0,49940.45291,42668.20159
125,0,31792.39722,36766.17365
126,0,47985.08466,47044.78507
127,1,54666.70982,62807.55912
128,1,54822.48953,67922.06596
129,0,21624.93559,23565.70107
130,1,46037.70322,51874.19772
131,0,52949.71456,54099.72849
132,0,49260.52434,41074.28341
133,0,54915.05647,60455.24752
134,0,34688.92497,40549.35579
135,1,52460.83615,60113.68628
136,0,37623.37578,30046.3526
137,1,58567.0248,62961.28068
138,1,55555.12646,67747.75534
139,0,46126.38035,43297.61204
140,1,41207.17218,52128.43744
141,1,47151.24507,52426.72753
142,0,40820.23895,44382.75815
143,0,54838.76651,52778.05945
144,0,51353.38348,51775.28789
145,0,56124.68794,58308.26418
146,0,39298.08437,33881.9145
147,1,53073.45617,59443.02181
148,1,55268.97924,46826.35274
149,0,50771.56496,47764.05603
150,0,63462.25756,66181.67263
151,1,51342.96497,61944.27958
152,0,30329.30296,32693.06367
153,0,39439.692,32488.10813
154,0,58595.87887,63760.16951
155,1,66999.57375,66303.82509
156,0,59731.01561,62802.00837
157,1,33271.06099,32741.89226
158,1,63601.159,64735.12798
159,0,52430.04722,47648.30154
160,1,51448.87833,57143.67128
161,0,60743.18013,59765.50756
162,1,37929.78352,45474.33071
163,1,38261.20036,43168.02616
164,1,44352.25996,41762.89269
165,0,50239.03043,51618.09277
166,1,34526.96011,30716.13186
167,0,38466.67597,34047.406
168,0,55798.57285,53979.00619
169,0,47883.33018,45717.31314
170,1,57967.01927,54729.95597
171,1,52522.40396,64378.20173
172,0,53514.799,61754.81295
173,1,42044.42932,58298.30484
174,0,43094.58948,48832.84656
175,1,45024.27502,48047.04232
176,0,45413.61364,43350.21603
177,1,59137.71621,61798.24703
178,0,54566.88011,64495.06854
179,1,41760.64513,46182.93779
180,0,41906.19179,48252.35632
181,0,40215.00454,46172.17943
182,0,42534.21653,43481.95582
183,1,20857.4401,18599.23588
184,1,54751.67746,59282.08427
185,0,38428.83381,39163.66519
186,1,60126.3741,71515.98055
187,1,55140.62552,60237.91508
188,1,62809.39577,61766.36795
189,1,51812.51163,61752.06161
190,0,68977.67017,67839.96355
191,0,48030.78192,35304.53417
192,1,58021.28459,64646.20746
193,1,65344.82102,72848.67749
194,1,59778.1555,60563.46453
195,0,56715.31172,55755.08271
196,0,44392.39093,47680.97606
197,1,52887.28003,59546.20404
198,1,55720.06278,52906.77803
199,1,39291.47581,50559.22665
200,1,34806.53925,48338.19234
201,1,56662.69672,59111.77729
202,0,50160.25282,40610.89496
203,0,60753.43402,64608.99805
204,1,64473.05699,66107.5948
205,1,50866.97699,58544.22097
206,0,55843.14166,66853.994
207,0,55059.65553,47328.11764
208,1,52095.3423,53112.2379
209,0,45825.69618,44853.29821
210,0,58723.1538,65181.54561
211,1,44282.53958,67060.62523
212,1,48447.40951,54682.83545
213,1,62374.38135,59213.26764
214,0,49677.19389,47949.58702
215,1,59720.56966,60846.25223
216,0,54473.93937,58081.86676
217,0,57505.79168,59390.21519
218,1,58584.51117,58375.44433
219,1,45853.73099,46686.30387
220,1,55565.53125,58765.24513
221,1,50156.97796,53960.18641
222,1,37448.64628,42237.7017
223,0,51838.34516,52082.71124
224,0,45002.69824,51176.95093
225,0,57007.00612,55025.95106
226,0,52495.4819,49777.64769
227,1,34899.58788,33205.71778
228,0,71962.23142,70842.93526
229,1,53639.70631,59920.68754
230,1,40343.35196,36722.87016
231,1,42808.90549,46096.76252
232,1,41049.30158,51850.77223
233,1,47784.86737,56026.39758
234,0,29129.72981,30996.89568
235,0,66748.59673,69854.65822
236,1,51469.35298,53600.83163
237,0,50693.44337,47158.84444
238,0,49328.2171,55687.761
239,1,82430.9297,91574.12659
240,0,42902.11008,39170.74497
241,1,51390.60399,46996.98419
242,1,33108.16962,34480.59188
243,1,49401.73856,57119.4097
244,0,52837.51024,49546.20952
245,0,51409.827,53060.16605
246,1,58297.32418,70396.17695
247,0,58496.11989,58030.9845
248,1,40903.16583,47072.9666
249,1,32531.04309,40955.56237
250,1,49544.87755,49134.45626
251,0,42718.28099,38853.03487
252,0,33686.6489,37317.4547
253,1,58419.83695,63604.67456
254,0,40246.33973,40855.13278
255,0,59937.82215,60104.25128
256,1,30373.74308,40265.21293
257,1,62543.38361,69721.94681
258,1,60909.80425,68153.90471
259,1,55835.44303,66946.43382
260,0,65337.2771,73370.14639
261,1,49621.06918,65839.0278
262,1,67847.75039,69952.68192
263,0,55181.01702,67528.05409
264,1,48308.77314,47824.90843
265,1,55531.49156,70207.72858
266,1,54929.86459,56760.06529
267,1,44533.19915,49188.50017
268,1,46149.78188,51242.66161
269,0,62927.4529,58592.59915
270,0,46608.77721,47042.37054
271,1,44987.65892,45910.96837
272,1,51158.24587,49983.52873
273,1,39214.87259,44021.25442
274,1,38569.80688,51519.19133
275,1,47706.09256,51435.99386
276,1,56515.21991,66220.32449
277,1,52186.59307,52958.2616
278,1,52612.50531,51195.12496
279,1,68688.17841,75957.47919
280,1,60613.70965,74391.77157
281,1,40922.4382,46967.21046
282,0,57346.37545,61479.61269
283,0,47055.44242,54531.06448
284,0,45146.94165,44964.2899
285,1,43684.22271,47923.9063
286,0,62300.00573,64660.44748
287,0,61539.00734,64789.10287
288,1,64313.66782,62318.79237
289,0,38787.5626,40266.19073
290,1,53400.51295,58397.1059
291,0,45403.43228,41455.83808
292,0,55925.30307,55576.25112
293,1,36474.91311,35648.28895
294,0,48441.01822,40886.37957
295,0,52402.05844,52736.29969
296,1,41754.85838,51265.2435
297,1,37094.38578,40357.93209
298,0,51450.63746,46646.99114
299,1,65985.38112,66958.88719
300,0,28943.53058,31688.25317
301,0,34568.81772,42905.74381
302,1,46399.60731,55251.88827
303,1,66075.78306,77579.74256
304,1,56170.0595,55931.94101
305,1,46817.62472,51447.97514
306,1,51319.27967,61412.73392
307,1,70750.65039,68754.76249
308,0,64509.27548,61217.40941
309,1,58687.72501,68397.82079
310,0,43032.28182,44324.41067
311,0,50998.86954,46173.31488
312,0,34571.96782,26417.86078
313,0,69234.45795,75921.03386
314,1,51493.63482,46226.71291
315,1,35948.10153,44110.07743
316,1,28087.46149,30422.23931
317,0,46310.60561,51545.94719
318,0,62718.92422,57508.18272
319,0,43914.10277,56988.09744
320,0,54632.8853,56644.37958
321,1,37128.36431,44963.71041
322,1,53113.08673,54247.8508
323,1,45024.29162,49357.38995
324,0,60473.17707,59935.9317
325,1,61917.07497,75897.41662
326,1,30506.28245,37509.1663
327,1,37834.19196,45553.34049
328,1,46386.89438,54050.13876
329,0,46526.97711,49670.03161
330,0,43129.859,36182.59145
331,0,60538.91552,70785.25606
332,1,40424.31045,41036.86759
333,0,59681.84661,59489.82493
334,0,61931.12946,69588.54395
335,0,49509.70659,59182.83308
336,0,56037.9052,60067.6756
337,1,62907.58424,65384.11079
338,1,54892.54535,60531.21812
339,0,31683.17753,32518.01392
340,0,60715.43152,61727.38381
341,0,50273.1338,44122.86866
342,0,37359.93832,43660.48598
343,0,55348.17336,56021.11824
344,0,37064.92375,33453.8299
345,0,43111.14457,40619.17914
346,1,41815.71334,48164.96352
347,1,57931.75688,55917.22363
348,0,44015.62419,48407.79958
349,0,44076.44044,45250.09196
350,1,41126.70541,53955.1535
351,1,39960.42628,45348.34488
352,1,32141.33508,31714.99538
353,1,44741.20324,43752.18729
354,0,40589.77299,38636.24492
355,0,44690.29102,43265.76719
356,1,35514.08585,37677.77728
357,0,50828.32571,51470.72837
358,1,53350.58029,55387.36182
359,1,43053.99631,49325.02578
360,1,35640.90476,38037.66268
361,0,54576.86586,57735.3844
362,1,40620.74423,44070.25027
363,0,66163.00043,72394.03379
364,1,41681.77792,49943.25142
365,1,50151.82943,56119.75612
366,0,50558.6394,49520.25307
367,1,44612.39163,42017.343
368,1,51799.1437,63866.89072
369,0,60360.87651,56956.99112
370,0,52290.74688,52744.40755
371,0,70884.42773,72603.44935
372,0,55434.79379,54517.23599
373,0,36097.78075,42870.78602
374,1,44685.45449,43578.5999
375,0,26096.95633,34766.63036
376,0,54755.88436,58113.67215
377,1,45388.30268,49156.19975
378,0,56929.18623,55753.03626
379,1,57833.58711,51749.47959
380,0,29096.97101,24855.80716
381,0,48848.90306,47079.38429
382,1,44882.36442,50762.8893
383,1,54492.18721,65790.09344
384,1,53979.2705,69166.99862
385,1,52640.20081,59001.53631
386,1,68076.08508,74104.13164
387,0,59104.185,56652.42616
388,0,46100.76293,37525.26222
389,1,34695.3859,36666.45327
390,1,57034.40133,61006.89593
391,1,58545.25227,68422.22437
392,0,41871.7641,44469.33675
393,0,50141.49265,51249.21877
394,1,43501.73115,45597.73068
395,0,62358.1162,52447.53245
396,1,49389.24329,44780.46304
397,1,40993.28617,37674.60384
398,0,55878.55888,54418.5255
399,1,40399.53705,50369.75924
400,1,41745.8947,51581.22255
401,0,70860.4705,74829.04931
402,1,63119.83739,65544.35997
403,1,49243.34396,59964.65979
404,1,58580.14195,58924.78907
405,0,54258.43659,58525.40378
406,1,73246.73306,69873.85146
407,0,55820.26567,49934.70445
408,0,47372.53252,55635.60783
409,1,60719.29865,64700.12558
410,0,65034.19828,61629.34899
411,0,54794.41518,60308.20872
412,1,39434.42357,50521.28169
413,1,36739.52314,39573.1191
414,1,57184.17423,63576.4915
415,1,29365.96848,35050.5056
416,0,61039.33547,46903.82826
417,0,49779.65136,42800.35097
418,0,39233.20873,43944.4808
419,1,42820.81109,43657.78985
420,1,46964.35675,54613.54623
421,1,35009.8404,41325.04265
422,1,49934.78685,61011.9507
423,0,40048.2604,33229.30296
424,0,58201.58187,60172.61107
425,0,46236.99275,45909.92046
426,1,56089.05356,57140.18186
427,0,50327.96995,46343.9879
428,1,54877.74821,61015.15261
429,0,44817.47361,47965.82447
430,0,44153.82269,44471.80411
431,0,45696.9068,46170.47806
432,1,47323.58909,49831.11707
433,1,45288.75348,48127.8244
434,0,53503.70216,49541.35037
435,0,55442.20352,52849.19526
436,1,54730.38282,62703.76078
437,0,60965.47118,64497.4993
438,1,41036.67341,39657.29534
439,1,49378.08983,49895.90645
440,0,51074.44374,47522.45363
441,0,21453.73337,21133.54906
442,1,60706.1056,57290.34157
443,0,55914.42152,51519.88628
444,0,31199.89966,24271.9921
445,1,53185.21005,60187.62072
446,1,41813.94973,46665.57502
447,1,72770.86498,75458.12735
448,1,45080.97552,44764.58912
449,0,62615.19253,60379.71027
450,0,53958.19781,51134.73723
451,1,60213.83295,73387.16572
452,1,42038.63197,52023.73053
453,0,38456.37332,35002.83369
454,1,39078.36367,44904.34038
455,0,47655.922,52376.96523
456,0,62753.90738,59298.83644
457,0,40144.60399,33059.05029
458,0,28217.8868,19233.5942
459,0,50452.22709,56813.56169
460,0,40298.7574,39343.44549
461,0,49497.95383,50954.57999
462,1,36414.25985,38543.07297
463,1,37625.73362,36286.23903
464,1,31234.47294,30827.96882
465,1,56188.86298,54483.68902
466,0,40644.03701,44894.00908
467,0,55188.7118,62651.5176
468,1,61279.08993,66465.30974
469,0,55581.39515,47992.39968
470,1,53326.0751,60808.99606
471,0,55872.62413,62197.54746
472,1,48043.01469,57901.34853
473,0,44646.83287,44501.17763
474,1,68093.0635,71920.65231
475,1,49424.82247,54238.99086
476,1,51117.99158,62244.23661
477,0,51851.75537,55653.58251
478,1,40266.21162,43337.42662
479,1,44710.22292,47655.64654
480,1,44901.93307,47493.45782
481,1,53380.23481,53057.07164
482,1,50759.55268,62518.74386
483,0,56445.18492,52506.06618
484,1,52620.66809,60072.04842
485,1,35837.72944,37530.59125
486,1,38661.69643,41275.57702
487,0,54441.98327,53872.57944
488,0,47686.99057,50413.20269
489,1,55457.86714,59161.74773
490,1,42241.25177,41545.22591
491,0,52634.87215,52730.27881
492,1,49513.47648,50680.11749
493,0,54861.84792,62581.03945
494,0,48018.04324,46718.32072
495,0,38466.49489,35126.6482
496,0,50443.58798,60317.59197
497,1,69532.59138,78227.03989
498,0,55950.29466,51466.42409
499,1,47653.7943,48699.224
500,1,47756.81029,55127.7252
501,1,38517.36711,43734.74862
502,1,46273.24416,55724.12187
503,0,49051.75769,45738.37618
504,1,44490.18196,52995.72759
505,1,53842.02072,47650.57901
506,0,50474.93468,49702.72534
507,1,54958.05021,56872.15448
508,1,35258.67868,37983.44558
509,1,41680.45083,46166.07759
510,1,44823.07427,55515.59247
511,1,55697.60357,54927.40418
512,0,57510.99455,46570.77952
513,1,44898.39186,44708.12401
514,1,64419.45006,74531.62972
515,0,40516.51996,32291.56328
516,0,40596.01084,37736.27263
517,0,58199.25253,62397.1394
518,1,50623.3135,55331.17078
519,1,40141.96191,50785.49552
520,0,53076.12668,42901.64926
521,1,55169.46516,58561.41972
522,0,66187.8764,72873.76223
523,1,34351.97229,33717.56406
524,1,45332.41188,55506.4611
525,1,49901.55191,53723.1
526,0,51113.72602,53284.37314
527,0,57319.55503,63642.83956
528,0,62495.04901,64644.22976
529,0,60176.61467,57220.36687
530,1,64816.63402,72626.94779
531,1,55737.44421,57428.44498
532,1,42179.96507,48546.79934
533,1,47829.8295,46570.6147
534,1,60578.14181,65723.61518
535,1,52869.55854,63816.02393
536,1,51752.86779,55259.01918
537,1,36055.04931,46523.50151
538,0,60841.98244,76309.13009
539,0,80768.6037,80623.86713
540,0,42880.26773,45951.22851
541,1,62002.6175,69386.93042
542,1,78146.54444,84272.06274
543,0,51950.24984,55889.72996
544,1,54468.72501,58228.24985
545,1,38774.55194,40461.83144
546,0,54753.65611,47122.04225
547,0,39202.63679,37488.84432
548,1,29255.13649,38762.30732
549,1,63625.62853,63926.64297
550,1,46548.35295,52781.74243
551,1,52647.75311,57032.20379
552,1,42412.34742,44308.75681
553,1,53498.00025,49232.7986
554,1,48936.62997,60750.90347
555,1,66994.35983,74580.31248
556,0,43925.27712,57251.71626
557,0,50731.96991,56129.03498
558,0,44852.17325,51554.89314
559,1,38010.48602,34263.71736
560,1,56464.89538,52630.71855
561,1,43132.84657,48344.40688
562,0,34728.32143,28987.74432
563,0,28674.04374,25267.6095
564,0,49757.67166,62388.99256
565,0,47262.70748,53212.08834
566,1,47906.8618,48228.58409
567,0,49190.82662,37360.22406
568,0,50781.17735,45681.49066
569,1,43583.3318,45797.35958
570,0,44134.6873,42528.36896
571,1,62795.1867,61399.95544
572,1,47211.16606,57860.41902
573,0,46402.31354,42845.00957
574,1,58377.64222,66620.53058
575,1,52773.58462,58043.02173
576,1,40480.8154,50173.20068
577,0,54665.45311,53475.85147
578,1,54602.71625,54977.78406
579,0,54182.05756,51189.12154
580,0,59113.62722,56191.20165
581,0,48185.50931,58508.26207
582,1,61834.93667,67217.46303
583,0,54998.64124,55021.80531
584,0,49318.76575,53728.89845
585,1,53017.00009,58016.65082
586,0,60651.71966,66260.10125
587,0,43443.12281,41582.734
588,0,50502.27699,48134.07824
589,0,47913.31629,43011.94881
590,0,41431.48135,50681.718
591,0,57309.58976,56960.46564
592,1,55825.71319,54955.50089
593,0,48020.62271,49004.75882
594,0,58875.03967,55624.77029
595,1,60821.12313,63873.11697
596,0,47373.4048,48927.17196
597,1,40342.17367,52947.09987
598,0,46001.00938,46508.93617
599,0,43163.65718,39608.47332
600,0,51722.54386,49197.96965
601,0,64521.17699,67803.41293
602,0,23968.62912,14176.92454
603,0,45826.33186,40612.92048
604,0,52724.21397,53787.44435
605,0,45088.46253,36555.11464
606,0,34828.26303,33265.67364
607,0,36641.37596,34250.05078
608,0,66259.58915,70646.83176
609,1,44498.84717,48247.43551
610,1,64526.16745,75459.62437
611,0,50031.47727,50425.84239
612,1,49389.96028,63272.21594
613,1,43005.0478,41067.60298
614,0,39337.65068,47423.28489
615,1,61945.92221,64890.28642
616,1,59695.69026,72065.43876
617,0,53937.97298,59864.14648
618,0,56833.28993,42573.75072
619,1,47843.32362,55239.16468
620,1,60768.48145,70756.58026
621,0,45308.69146,51951.65514
622,0,45030.67975,39147.49382
623,0,38219.59133,41171.30581
624,0,49510.34969,50485.71808
625,1,44023.32317,51180.368
626,0,56336.61025,61331.29268
627,0,39788.37542,45571.92469
628,1,56333.26826,58054.55349
629,0,43743.22713,45070.32378
630,0,63032.78037,63238.45696
631,1,54935.60204,58738.83893
632,1,53641.40296,57922.5269
633,1,48296.14235,54276.07856
634,1,49191.21502,51181.30701
635,0,61663.70546,66078.88935
636,0,54692.6759,61039.21734
637,1,38859.5355,39756.65272
638,0,44469.10183,51060.75127
639,0,45483.40524,41389.93812
640,0,57450.05313,61938.98769
641,0,39701.88151,46284.27557
642,0,53603.93395,53131.38047
643,0,54912.07665,50859.58794
644,0,27531.10666,24587.69167
645,0,48271.98263,50081.26695
646,1,54004.81387,68828.08593
647,1,37715.56169,34251.89748
648,1,56963.22862,62464.43844
649,1,61395.55536,65955.19461
650,0,50412.87456,48130.26575
651,0,64033.6997,63629.78999
652,1,52765.81506,55054.83095
653,1,53405.89216,64621.66922
654,1,31562.06417,43274.5332
655,0,61192.44918,61633.12553
656,0,28476.16455,27770.43949
657,0,42905.58998,40440.40661
658,0,34513.81701,34965.2237
659,1,48630.04511,62869.20025
660,1,44942.53296,49423.86178
661,0,47450.44206,43253.28007
662,1,55086.08373,58097.27428
663,1,63414.75916,72182.10896
664,0,43644.42159,40055.73807
665,0,59294.09985,59125.56937
666,0,40150.06874,42514.48442
667,0,52790.83858,49581.5243
668,0,44107.28348,35285.25488
669,0,46698.79906,41341.87174
670,0,40712.07919,36418.24664
671,0,43707.36606,42563.22953
672,1,54793.60953,60015.10784
673,0,38210.76509,42329.27157
674,1,57717.96177,56581.68173
675,0,56197.38785,59588.8222
676,1,64532.75476,67678.1372
677,0,49794.39443,40866.65793
678,0,42909.79042,42977.65872
679,1,47751.46944,59332.8072
680,1,48140.75519,57556.32795
681,1,53891.59196,58510.2399
682,0,48491.62288,54120.47596
683,0,66637.32832,67598.44172
684,1,57014.94782,66920.89196
685,1,60294.57482,56986.56314
686,1,62769.65386,61521.28978
687,1,52078.02507,60723.205
688,0,58691.56064,66387.97312
689,1,34291.18543,41377.66408
690,0,43886.14753,41399.46316
691,0,37796.7931,33544.21381
692,0,53721.05473,52144.47891
693,1,51718.3934,62786.57836
694,0,58861.91189,57149.27669
695,0,48757.14223,53995.94844
696,1,53123.7821,61386.64773
697,0,52242.16404,60811.79305
698,1,70420.7604,76422.06976
699,0,52215.58474,51967.60293
700,0,54413.07152,59901.43205
701,1,41046.53678,41370.2228
702,0,62468.91716,60248.83227
703,0,52908.97058,44508.94685
704,0,54581.68115,48310.05835
705,0,59005.33077,68622.19017
706,1,56234.07138,64695.64425
707,0,44835.70356,37982.19565
708,1,68296.20202,79270.34699
709,0,32188.41586,28669.92812
710,1,59513.06244,67717.81548
711,1,46150.57112,54280.63914
712,1,47509.28155,60834.23505
713,0,54734.07416,52045.4254
714,0,48244.36055,44543.21361
715,0,39266.71968,25821.5071
716,1,42670.31101,47061.44538
717,1,54200.9449,62827.59406
718,1,51094.08472,60403.95389
719,0,53243.4021,59505.399
720,1,39894.0178,46343.04651
721,1,46779.71846,54303.62405
722,0,31301.8366,31642.43881
723,0,51962.40941,55499.68358
724,1,37582.39425,37911.18246
725,1,44258.99325,42216.66909
726,1,54726.30346,55582.61341
727,0,52004.59631,53072.7149
728,1,55310.26095,53808.13762
729,0,51994.23986,48828.01906
730,0,55667.71726,52661.24585
731,0,37372.30224,41281.4083
732,1,31469.81517,39770.29247
733,1,57289.41195,62641.84241
734,1,58890.37122,66145.69563
735,0,49405.84819,51759.80041
736,1,63565.83386,66747.73607
737,0,37007.83637,34295.33983
738,1,61058.33066,73741.76274
739,0,50184.01631,37738.37728
740,0,48527.94721,44821.43037
741,0,40428.49085,39409.57824
742,0,39725.96448,42525.72162
743,1,58811.46721,69488.99984
744,1,36653.89393,50937.55195
745,0,45370.60488,44912.05147
746,1,50176.13252,55052.4544
747,0,43864.12395,45677.17425
748,1,46636.13055,48980.52585
749,1,39977.82981,39056.64345
750,1,41779.23988,46297.98755
751,0,42782.62447,46509.48593
752,1,40121.26659,43906.64936
753,1,47260.06918,54327.24613
754,0,55061.57655,45717.48999
755,0,61806.40912,61898.43224
756,1,44220.79223,47203.55928
757,1,49139.30307,47763.68429
758,1,40521.07283,48807.13535
759,1,47634.44713,61862.67497
760,1,68876.87657,78826.6712
761,0,55152.94322,60421.68824
762,0,55030.90369,58593.28886
763,0,43941.39179,47173.64904
764,1,47513.84146,43516.68178
765,0,54240.66862,53600.91386
766,1,30044.6822,37588.03103
767,1,57123.2216,64780.2455
768,1,63510.72892,74869.25987
769,0,57719.20155,52557.2133
770,1,57751.55494,65787.91302
771,0,50861.10868,45535.90366
772,1,59022.77174,62964.27379
773,0,42703.9753,42394.16027
774,0,54329.59825,58642.45282
775,1,38110.3658,46835.13275
776,0,54254.89933,54856.55227
777,0,48184.96838,37424.78077
778,1,39493.76678,46717.93545
779,1,30859.39929,34521.01691
780,1,56855.07739,68814.10685
781,1,64141.87288,74909.34061
782,1,66690.69526,67000.58072
783,0,57391.80495,60302.67614
784,0,44608.77297,47618.326
785,0,45488.41142,48134.32931
786,1,50785.7703,57783.67567
787,1,66357.97806,74508.75099
788,0,47629.8803,55137.30938
789,0,58393.49114,55636.58948
790,1,69625.87191,70096.82379
791,0,57219.03485,61132.61053
792,1,49209.32658,44792.51611
793,1,73921.09635,82191.21566
794,1,46540.80671,53925.50155
795,0,60059.24512,48331.7325
796,1,60305.80586,62124.12256
797,1,51071.69915,63951.57178
798,1,26283.40639,23997.52374
799,1,49601.05616,55664.01424
800,1,37073.74653,37049.22003
801,1,64510.01438,65965.28286
802,0,30906.43912,40488.03323
803,1,61460.30144,67077.52317
804,1,48578.53463,56163.28807
805,0,47158.44902,46596.12614
806,1,28712.65906,26136.99249
807,1,50300.31479,49375.69876
808,1,48062.9462,58955.09783
809,0,47970.19363,48734.65437
810,0,42920.89059,39069.44881
811,1,61918.99334,66808.73434
812,1,50145.08999,58453.07981
813,0,44520.94696,46793.3912
814,1,32577.78307,33728.83707
815,1,50347.13749,47470.62109
816,1,51755.3623,54720.12958
817,1,44517.12704,55062.37021
818,0,60338.81055,64610.69537
819,0,32136.24535,34188.26167
820,0,57547.33298,56692.93092
821,1,35673.2871,38089.55329
822,0,69541.57434,68779.93232
823,0,34024.0083,37932.86663
824,0,49165.6203,54216.57336
825,1,48418.46156,52109.52773
826,1,54206.99631,71888.15286
827,0,54494.73913,54956.75801
828,0,41575.6737,39840.89645
829,1,48232.25837,60610.60556
830,0,64641.77239,54450.28974
831,0,77552.17744,79952.34591
832,0,68555.03315,68191.04118
833,0,53295.08736,60536.00896
834,0,38937.06488,41961.68167
835,0,33832.86625,34528.3771
836,0,45426.98345,48740.15244
837,1,42162.34334,41884.43178
838,0,58622.23512,63456.33429
839,1,58407.34482,56684.41604
840,1,51925.96919,58718.45609
841,0,52436.57224,52614.64394
842,1,54080.52847,50265.25559
843,0,53291.06779,53635.77808
844,1,55773.63525,62183.56901
845,0,45127.97079,41853.59092
846,0,68180.61923,63118.50923
847,0,45287.36259,47748.24961
848,1,35770.25075,42581.82575
849,1,46276.80947,52410.90492
850,1,51494.5609,56538.76976
851,0,42331.35962,39498.54454
852,1,36877.80807,53238.71533
853,0,62181.94712,60690.29292
854,1,60973.00188,61647.43506
855,0,47941.40569,48213.54207
856,0,42333.43412,41428.72889
857,0,39263.11341,37655.54937
858,0,46896.92295,56268.3034
859,1,58764.55646,58115.81737
860,0,55402.87944,55590.06478
861,1,42162.46479,41849.09966
862,0,57608.46654,54903.34269
863,1,42273.40555,55953.9853
864,0,42811.67612,44218.9014
865,0,48209.06715,49555.92013
866,1,79490.94425,79793.53811
867,0,47865.43221,45742.32441
868,0,57662.42975,66778.03736
869,1,29782.0136,37278.82483
870,1,50188.1905,53489.61624
871,0,61927.35165,64130.38794
872,0,45885.06855,47223.38787
873,1,44494.48068,45297.28241
874,0,70468.62196,68624.58071
875,0,42717.27798,53989.95849
876,0,33173.41306,35133.42598
877,1,58872.90837,56027.69832
878,1,63116.93449,70667.98523
879,0,64780.71898,71296.16035
880,0,61727.56845,57205.67755
881,0,40542.53939,38258.32791
882,1,47573.01252,59841.8673
883,0,54547.40912,54721.97147
884,0,40373.48988,39659.09877
885,1,51480.8942,49800.60405
886,0,52394.04501,57746.87655
887,1,48343.6859,52401.34071
888,0,40176.9642,29322.04952
889,0,42235.0086,34371.82102
890,0,39448.92325,36641.02017
891,1,51024.84642,50660.63496
892,1,61701.98709,62122.17832
893,1,48965.68776,65689.03723
894,0,41977.19973,45514.8148
895,1,70529.72025,62642.99513
896,0,46948.11155,45376.50199
897,0,63633.76514,63186.2981
898,1,60908.61671,58523.94704
899,0,53797.67636,56469.60789
900,0,56511.36242,46304.41579
901,0,37004.18763,42488.92242
902,0,52120.93353,59328.58344
903,0,46733.03787,58495.96326
904,1,50844.66786,47973.02159
905,0,47840.3948,40985.908
906,1,65737.34217,74200.70234
907,1,50016.19031,60929.59059
908,0,44687.85705,48732.62036
909,0,36283.26303,41681.84806
910,0,51544.93666,58429.07347
911,1,52996.47688,59007.72886
912,0,41531.49034,40468.74077
913,1,48496.7954,46655.90936
914,0,38489.85916,36999.33214
915,1,58691.54592,62967.10391
916,0,41639.37848,36890.95561
917,0,49358.11823,49166.99722
918,1,46759.31825,46447.42341
919,1,60352.49335,70919.15503
920,0,44182.17967,46311.30201
921,1,61496.72019,64198.70174
922,0,43722.66094,44666.86398
923,1,54345.02646,53819.57765
924,1,45182.34029,45163.87647
925,0,36343.82596,33174.55277
926,0,60626.57291,59666.93256
927,0,40605.36758,41311.37664
928,1,48493.85985,54219.64169
929,1,28999.73492,27405.84659
930,0,56832.23015,56428.58573
931,0,65926.69998,61836.42338
932,1,45205.07033,33160.23664
933,1,51306.90024,71684.8279
934,1,39461.64505,40468.39142
935,0,69041.3659,65325.60513
936,0,52243.39657,45511.21596
937,0,60817.66728,55530.2025
938,1,46812.51685,50869.15527
939,0,72125.31039,78884.37701
940,1,46966.49933,50994.75597
941,0,44743.69066,43125.87911
942,1,61442.93069,72444.30057
943,1,58728.24351,61106.26086
944,1,64891.13108,69996.87806
945,0,33841.13213,29233.2818
946,0,56197.11446,64622.78196
947,0,50728.74098,55971.29218
948,1,52604.42263,56839.48579
949,1,39026.31681,42029.1004
950,1,53601.64184,58442.44456
951,1,39201.57552,43509.66263
952,1,51784.76664,49050.66831
953,0,48094.96894,53508.3062
954,1,42575.15767,46439.46877
955,0,43417.51588,52909.21776
956,0,49606.92712,51716.00568
957,1,44444.53221,36839.09895
958,0,66043.39108,59635.27383
959,0,53069.81073,42339.53519
960,1,59826.83143,58356.59116
961,0,60921.06784,52753.05947
962,1,51458.3647,57721.20215
963,0,33687.24185,32106.81514
964,0,50845.18476,54547.88435
965,0,54559.04195,54368.54404
966,0,53569.72759,52368.18225
967,1,62119.43985,77135.4746
968,0,45499.87142,46613.98459
969,1,66291.66365,70889.10606
970,0,57228.26895,52961.06435
971,1,48779.42868,47899.8611
972,1,46128.6935,54981.19859
973,1,44296.48634,52849.96633
974,0,41535.65699,49393.55068
975,0,45409.0969,47803.65486
976,0,59579.32055,57613.80636
977,1,56068.50593,63623.55733
978,0,35931.84991,35530.34689
979,0,48500.59281,52827.51848
980,1,49801.26365,61472.92278
981,0,37638.64204,36795.86031
982,1,45764.01418,59550.56238
983,0,30803.26844,36745.00478
984,0,37905.23065,37993.65234
985,1,51594.62507,59948.34144
986,0,47695.99286,49223.47729
987,1,40302.5628,45412.53277
988,0,46344.94063,55910.66591
989,0,58271.15429,60859.17659
990,1,71840.96733,72636.12553
991,1,53584.53618,53444.6878
992,1,28792.99847,28857.51387
993,0,41669.43943,44116.96193
994,1,40994.09647,44286.52811
995,0,53511.65468,55178.12326
996,0,42877.79236,47559.77379
997,1,49689.41067,64832.97832
998,0,57310.00627,55717.6401
999,1,49857.29647,47814.54343
1000,0,48053.02704,57015.03737
1001,0,60294.13101,53008.6269
1002,1,44033.70941,41551.56588
1003,1,37827.17308,51659.42438
1004,1,49119.08756,59450.2452
1005,1,66536.17268,73960.37439
1006,1,32523.6349,37274.02991
1007,1,39803.0468,43607.02672
1008,1,46729.82682,48475.6967
1009,0,54360.05775,52944.84188
1010,0,49918.86798,49681.79108
1011,0,44199.83667,37327.58721
1012,1,55740.71221,56639.56963
1013,1,64185.31345,58625.72221
1014,0,58431.05332,58820.69058
1015,1,52328.68087,57719.18688
1016,1,48704.82753,62597.40471
1017,0,48956.57207,50834.34668
1018,1,50413.25632,52633.04599
1019,1,42853.19323,46851.41822
1020,0,40813.13489,43247.24645
1021,1,63934.54528,70072.60841
1022,0,61277.80251,64169.2321
1023,1,38230.37887,45115.60274
1024,1,44755.51864,48492.29731
1025,1,37708.16402,40029.19757
1026,0,29141.02122,26193.2102
1027,1,31534.26952,31907.9131
1028,1,44504.59725,44094.00084
1029,0,27795.78991,36988.10956
1030,1,64726.70676,70350.25752
1031,0,63252.7609,62476.25365
1032,1,39861.04048,42381.6189
1033,0,52700.57358,54844.96913
1034,0,54826.87887,60845.1983
1035,0,41396.14989,45012.47227
1036,1,36489.25634,46097.20177
1037,0,50933.72374,48001.07983
1038,1,18295.74264,23275.09643
1039,0,62289.80502,59422.91447
1040,0,62292.14784,62827.30484
1041,1,45170.90161,56533.85665
1042,1,49996.86327,57193.8825
1043,0,43923.53655,52057.10838
1044,1,51680.15341,55237.53535
1045,1,20930.11781,21895.31254
1046,1,47859.32302,55419.96546
1047,0,71850.94895,72445.24077
1048,0,46631.04873,48244.56
1049,1,53863.23318,59729.33399
1050,0,57588.24416,55166.07229
1051,1,61867.3462,67846.02644
1052,1,56404.79795,66271.65063
1053,1,54430.0213,64810.55984
1054,1,43463.20859,46015.6256
1055,1,38047.06236,44202.09202
1056,0,42338.79169,49724.34711
1057,1,22956.08368,25616.62994
1058,0,65232.38622,61985.15422
1059,0,44336.05409,48308.06891
1060,1,48154.74642,56249.54246
1061,1,40510.83479,41325.95438
1062,1,53889.78729,51892.48431
1063,1,60729.78048,66787.56099
1064,0,44672.74502,42579.75953
1065,0,50756.9494,42336.56813
1066,1,64819.60768,66383.59507
1067,0,53268.55401,56281.60308
1068,0,58539.75977,57782.70621
1069,0,48378.76025,56209.28047
1070,0,32043.56827,21607.38122
1071,0,58113.96554,64803.9274
1072,0,44737.52143,43018.00454
1073,0,51915.77396,49473.66728
1074,0,57105.49102,49349.52184
1075,1,38238.26663,45563.67588
1076,0,26796.84402,17663.03405
1077,0,52927.15482,57016.67304
1078,1,27987.56527,25420.74494
1079,0,61797.25208,55018.72228
1080,1,62958.71782,62002.64474
1081,1,53796.39648,55216.64665
1082,0,70931.97932,75642.35903
1083,0,42931.07432,50450.85699
1084,1,52023.28796,53960.32022
1085,1,40817.87833,45585.06283
1086,0,38277.66247,40727.24901
1087,1,67554.75698,70908.19516
1088,0,49929.55015,52183.33828
1089,1,46743.88948,51723.49212
1090,0,54176.80752,52909.50813
1091,1,66318.56899,64219.49052
1092,1,41365.06395,47110.27994
1093,1,60251.09153,70042.97005
1094,1,47623.16683,48731.77759
1095,0,35205.55777,25364.2046
1096,0,49081.55236,47483.79915
1097,0,42606.28593,50155.13915
1098,0,33114.94812,39174.6978
1099,1,38782.48897,40880.17794
1100,0,45833.74694,48111.32197
1101,0,46334.9298,49402.65936
1102,1,50013.25689,62464.94749
1103,1,63931.81258,61178.9011
1104,1,35038.41187,34694.27072
1105,1,47204.92537,42156.14856
1106,0,52257.61523,48865.56924
1107,0,38016.07875,43347.60659
1108,1,66494.80894,68696.21314
1109,1,59256.7221,57715.77745
1110,0,47951.23336,49084.41545
1111,1,56095.26045,62357.10464
1112,0,29800.72668,24715.47941
1113,0,43043.05123,40512.82169
1114,1,62723.535,68476.4176
1115,1,57760.27914,66490.21162
1116,1,37554.575,39310.21273
1117,0,52571.9897,48607.10797
1118,1,62000.78956,76563.56301
1119,0,45875.20988,44505.07873
1120,0,39833.16871,41080.34024
1121,1,46281.42118,54523.24596
1122,1,42690.43724,38756.00707
1123,1,34178.23237,39085.59756
1124,1,55364.139,52135.55758
1125,1,32542.92567,36889.03843
1126,1,25019.38983,36885.00933
1127,0,36828.6808,31836.33917
1128,0,56654.16824,48322.07229
1129,0,65634.13359,75072.56247
1130,0,54631.84795,48896.56208
1131,1,50324.07013,47831.17515
1132,0,35944.36946,44039.52731
1133,0,25067.2918,19134.94219
1134,0,45875.86182,54100.43287
1135,1,66672.24112,73042.69526
1136,0,39013.79575,45433.58113
1137,1,47283.4489,53213.78058
1138,0,42201.47054,47599.98236
1139,0,45820.90454,41228.66043
1140,1,61910.85855,63842.84473
1141,1,64665.40859,59087.85124
1142,0,54736.32077,59595.22816
1143,1,59134.73732,66232.58404
1144,1,45354.18922,45317.56609
1145,0,51752.11419,43007.60395
1146,1,45444.60474,51853.67048
1147,1,51261.77904,64641.55171
1148,1,50522.5849,54832.78029
1149,1,51569.72961,53277.49942
1150,1,40412.21544,40726.84404
1151,1,51262.67736,62509.4209
1152,1,57574.95149,58678.71237
1153,1,61628.38578,64772.49028
1154,1,44384.42254,54593.09708
1155,1,49033.7633,57221.17132
1156,1,36349.78205,39685.2354
1157,0,70421.77911,66926.8944
1158,1,59784.22112,72112.11257
1159,1,42904.20145,42322.35308
1160,0,39959.45403,38908.02811
1161,1,56032.47501,53503.09257
1162,0,49172.84976,55117.18565
1163,0,37674.76685,35300.33747
1164,1,34672.9944,36174.86541
1165,0,57093.52514,60401.83747
1166,1,56523.06152,54395.48466
1167,1,34177.76833,42354.67524
1168,1,53606.47891,56803.76495
1169,0,37077.37305,31050.87698
1170,0,55987.9439,51036.62904
1171,1,45514.57163,47093.57114
1172,1,43544.27928,46324.0609
1173,1,50340.27411,49347.64374
1174,0,47008.18228,48480.76222
1175,1,68071.96644,66948.35652
1176,1,41515.71366,34690.10139
1177,1,59901.66239,74499.76053
1178,0,54197.05608,55186.69383
1179,1,59411.81866,74459.27662
1180,1,48678.63411,48460.33736
1181,1,72724.3472,80123.32078
1182,0,52435.30204,56908.34554
1183,1,59578.39631,63631.66502
1184,1,33451.12564,31228.87576
1185,0,52783.48635,51461.08068
1186,1,58458.02873,66590.01339
1187,1,48766.55936,56707.66161
1188,0,52385.54954,52377.40648
1189,0,64069.34746,68555.78717
1190,1,30921.92442,40172.35503
1191,0,50852.0945,48233.7565
1192,1,34550.62653,31948.52826
1193,0,38693.84665,39646.01619
1194,1,34624.15204,35890.96421
1195,0,60094.71789,60813.46089
1196,1,59458.69644,71186.3457
1197,1,52714.95311,59902.41319
1198,1,56266.13637,67747.41492
1199,1,41630.79296,41573.39396
1200,0,39822.35691,45259.6356
1201,1,68325.57043,81708.56009
1202,0,62395.84006,62717.4501
1203,0,44101.07682,55711.34379
1204,0,61373.14542,57085.98937
1205,0,61734.42277,58540.25342
1206,1,52327.86743,60577.54518
1207,1,51580.5349,56852.86262
1208,0,38020.33571,34305.79904
1209,0,54253.21308,57348.73347
1210,1,54174.6509,60952.35846
1211,0,51777.50106,48846.11768
1212,0,55972.28218,56917.54031
1213,0,33619.70943,37414.83703
1214,1,49045.35753,51003.0636
1215,1,43298.848,50883.82704
1216,0,53116.52856,48781.31242
1217,0,46979.54501,43610.4231
1218,1,48498.83049,59056.76705
1219,1,38465.07574,46533.80721
1220,0,54042.12865,44607.94111
1221,1,38739.46039,41868.33727
1222,0,34343.51968,36792.00356
1223,0,45164.38516,45858.71325
1224,1,52891.83673,60982.85796
1225,0,43137.20864,43717.11694
1226,1,56791.42775,61128.43939
1227,0,56989.19685,56173.38617
1228,0,53216.78541,58672.68198
1229,1,65091.31013,73566.00807
1230,0,55723.90311,57747.62213
1231,1,43858.77435,49302.93984
1232,0,49565.2305,46821.13704
1233,0,47772.79299,46239.02467
1234,0,56802.2036,62125.55923
1235,1,41483.37826,51335.89073
1236,0,23692.69863,20449.83648
1237,1,42609.71342,48109.31266
1238,0,45881.76631,48374.10292
1239,1,40704.8914,47870.81346
1240,0,56709.11248,58836.5259
1241,1,57127.12029,56566.7462
1242,1,47743.43619,46886.01575
1243,1,54807.4458,65658.41951
1244,1,55522.99938,68068.12537
1245,1,48416.94522,46009.33952
1246,1,60287.68991,65148.88923
1247,0,44614.26327,48684.51725
1248,0,57640.29782,46621.4053
1249,1,62525.40731,62158.71802
1250,1,36430.6443,40969.65919
1251,1,57436.51776,59450.32448
1252,0,48995.24279,50040.9603
1253,0,47789.57536,55141.9855
1254,0,47156.1535,42892.16537
1255,1,57707.5021,62958.86655
1256,0,47450.5303,45726.54968
1257,0,59218.01502,59899.84156
1258,0,47286.85022,47315.85081
1259,0,75115.56552,88301.55651
1260,1,46304.73071,58752.61801
1261,0,41718.03727,33813.35967
1262,1,35847.32808,36346.65427
1263,0,44044.65065,40155.36436
1264,0,39841.21173,33669.83431
1265,0,44360.52512,37518.71022
1266,0,24677.53915,23785.70702
1267,0,40338.43277,36639.99495
1268,0,53240.57028,48786.60195
1269,1,51579.74312,66682.11301
1270,0,50124.99322,46770.60512
1271,1,47775.25103,50559.41239
1272,1,29925.43139,38632.71383
1273,1,50766.0907,53533.44834
1274,0,65379.31918,59550.95163
1275,0,47694.75375,46405.05523
1276,0,64484.9923,74528.65941
1277,0,48865.19354,46457.98309
1278,1,45421.51614,45862.68246
1279,0,60600.8974,62702.04905
1280,0,46403.70328,44874.13084
1281,1,42386.4473,61081.41794
1282,1,49353.11395,50418.62919
1283,1,52094.70084,65763.35444
1284,0,43230.04862,49046.99636
1285,0,50929.79247,49023.06595
1286,1,52289.96392,57272.38745
1287,0,50134.50365,44985.10435
1288,0,52428.82013,49736.61248
1289,0,67611.88125,65669.6521
1290,0,50252.10868,51041.37633
1291,0,55913.49242,48850.09179
1292,0,40061.37325,41618.7966
1293,1,58141.51762,62412.17551
1294,1,46368.83339,53359.37239
1295,1,56954.02475,64690.55796
1296,0,53038.18596,51908.50874
1297,0,40055.71478,42496.70367
1298,0,49080.43217,48644.55137
1299,1,42646.96539,51364.33034
1300,1,55472.64797,62053.27706
1301,0,58902.47501,59807.68251
1302,1,63035.07932,67522.84944
1303,0,62528.42634,69007.50591
1304,1,34006.05238,41031.97852
1305,1,51810.62743,50203.31506
1306,1,58467.70775,61107.95391
1307,1,59552.69237,63409.76833
1308,1,55681.03205,60675.41625
1309,0,69725.42177,70608.95852
1310,1,64621.95939,64900.87582
1311,0,43275.14404,42935.15474
1312,1,52867.74112,56297.13439
1313,1,45212.41428,55636.1355
1314,1,30314.95787,30339.56632
1315,0,64532.60663,64445.71363
1316,1,36445.52497,38018.59941
1317,1,52138.08794,66453.06752
1318,1,50180.16872,61463.23673
1319,0,27816.5224,19604.73282
1320,0,43207.69347,39226.62504
1321,0,43878.33083,48232.94729
1322,0,46075.28894,48361.70418
1323,1,62179.59152,69309.25044
1324,0,56021.1832,56975.44673
1325,1,58814.07529,68570.07471
1326,0,68972.88695,72877.76997
1327,0,56813.5951,55360.81441
1328,1,42839.56564,41843.27314
1329,1,41389.1209,37938.79459
1330,0,49891.32863,49373.135
1331,1,45569.55979,41370.05147
1332,1,42226.28515,48481.26877
1333,0,55409.08519,53868.9275
1334,1,29637.79497,44357.35015
1335,1,46171.8281,52887.47447
1336,1,38003.02472,42856.89882
1337,0,44164.00674,36083.15814
1338,1,50856.87161,49545.26619
1339,0,45158.81505,48565.58577
1340,0,42619.42916,41053.94586
1341,0,40476.83619,53153.71493
1342,0,59040.17555,58624.91907
1343,1,49636.69392,55481.30532
1344,1,46915.17212,45330.68721
1345,1,50726.80524,60463.96307
1346,0,53215.93211,48587.32768
1347,0,52270.34479,54892.4052
1348,0,63554.42801,67613.39458
1349,1,46943.89386,52419.86015
1350,0,38725.03901,47509.89369
1351,1,43461.01612,45407.50076
1352,1,53195.24671,66572.94777
1353,0,53098.94779,46744.2177
1354,1,46505.60673,55500.74919
1355,0,54572.80405,53860.73664
1356,1,41550.58561,43009.92266
1357,1,65983.21808,62676.82433
1358,0,52153.96505,50850.61933
1359,0,51433.88467,49814.80927
1360,1,56295.29584,62159.82696
1361,1,44386.62004,53010.69492
1362,0,40352.94574,36310.61488
1363,1,50382.37995,64173.71836
1364,1,36223.82499,38531.15143
1365,1,52103.0304,60114.0003
1366,0,52858.03287,53308.86978
1367,1,47642.88755,51649.33898
1368,1,79356.57902,84556.86493
1369,0,43917.73493,39216.29733
1370,0,53052.43127,51114.6006
1371,1,54535.85524,52837.07897
1372,0,34881.1658,32134.81412
1373,1,57241.36559,59908.03096
1374,0,38828.13538,43054.2422
1375,0,18232.96187,16573.3359
1376,1,57313.80253,60073.39441
1377,0,42253.8503,43354.05113
1378,1,40071.33999,45975.60304
1379,0,55517.408,52562.20464
1380,1,39855.20273,46826.3447
1381,0,57466.11365,56572.87766
1382,0,50194.58256,47231.26605
1383,1,51577.61439,54100.22024
1384,0,53614.17317,58360.92662
1385,1,43213.56939,45886.42942
1386,0,50549.34111,51854.96779
1387,1,43701.15448,42289.15315
1388,0,54535.08713,60111.61212
1389,1,49379.95991,51464.98854
1390,0,38799.52578,40800.97326
1391,0,42282.28043,41024.43979
1392,0,58396.63864,60340.80943
1393,0,49526.29297,51743.49408
1394,1,43756.5461,48033.2298
1395,0,50720.36861,41390.54587
1396,1,39449.10632,49904.18187
1397,0,56255.08017,55555.56686
1398,0,60383.78851,62223.81855
1399,1,56386.60169,64845.19514
1400,1,60826.91054,63541.0398
1401,0,46114.79225,48700.46953
1402,0,56030.94685,52292.93638
1403,0,73200.40722,75138.1215
1404,1,38322.20449,43420.7183
1405,1,79852.59003,82740.11431
1406,0,62446.79581,62681.75666
1407,1,70420.69653,70144.72916
1408,1,54322.16691,60867.36655
1409,1,59736.22249,66800.33289
1410,1,61535.90343,68264.10413
1411,0,26130.7013,33641.55544
1412,0,52909.47364,52434.60507
1413,0,55706.12997,55575.51661
1414,0,63508.52331,57657.1763
1415,1,58089.19269,70951.54015
1416,1,54164.46038,51673.74341
1417,0,50340.08096,51482.899
1418,0,45865.34839,42791.44302
1419,0,52412.40248,52723.98555
1420,1,38977.3026,37437.00623
1421,0,49866.95365,54325.271
1422,1,45438.79173,45662.89373
1423,0,48891.8744,54723.13996
1424,0,44753.37593,40115.32367
1425,1,57899.19722,67775.25932
1426,1,37978.50474,38823.68036
1427,0,60450.88474,57377.83618
1428,1,54754.30683,59745.07638
1429,1,45242.04556,46002.41204
1430,1,45906.91526,46520.03634
1431,0,42864.1533,38682.44679
1432,1,64710.34691,71304.62483
1433,0,65163.94055,65161.69356
1434,1,51455.21198,56718.36812
1435,0,42415.04665,40791.88238
1436,0,57946.00383,60689.50333
1437,0,47811.33748,53061.62764
1438,1,69412.17436,77290.25969
1439,0,41556.75963,40511.90187
1440,1,47943.72146,46839.79605
1441,1,39741.31894,34855.91544
1442,0,56220.6999,55896.37565
1443,1,61842.56645,56876.60939
1444,0,49382.358,48385.83133
1445,1,63883.37778,75896.49378
1446,0,58953.55431,53186.20405
1447,1,50455.63881,49025.10407
1448,1,47813.46723,55998.13837
1449,1,44381.57901,35352.87191
1450,1,40154.6595,47063.7002
1451,0,53863.82654,61206.37292
1452,1,47313.54247,47951.11792
1453,1,39538.78915,39317.59041
1454,1,52730.10717,60680.22366
1455,0,60964.69234,55110.97345
1456,1,56961.67997,66015.77359
1457,1,58707.46645,58260.9168
1458,1,39598.0628,53440.07448
1459,0,39574.22305,42885.75128
1460,1,52656.16993,57846.38898
1461,0,49571.76619,58125.5409
1462,1,67349.36576,77507.0843
1463,0,47691.33626,49534.42015
1464,1,53957.98849,49641.88882
1465,1,62906.44461,64398.9744
1466,0,66773.77088,72200.81882
1467,1,36045.51495,34544.88474
1468,0,66147.78791,62319.17154
1469,1,61356.20147,61245.71253
1470,1,41215.26199,48227.04612
1471,1,43186.19765,53004.2567
1472,1,60215.15393,70038.14852
1473,1,38719.37445,39455.27747
1474,0,55852.99437,57796.28698
1475,0,42209.80578,37710.3927
1476,1,29135.22342,33082.48092
1477,1,49082.93976,56683.78025
1478,1,52242.34745,62549.22413
1479,1,57595.14887,51848.16391
1480,0,57938.18467,58431.35813
1481,1,54506.03413,66542.50065
1482,0,56928.55756,58089.65471
1483,1,44208.7589,49621.82527
1484,0,45463.63612,42648.60037
1485,0,45536.79485,52440.55969
1486,0,57793.49004,55209.56956
1487,0,53834.35031,53333.60336
1488,1,52178.0234,54826.9575
1489,0,52635.50812,53176.48566
1490,0,47955.28779,55083.54779
1491,0,41382.9693,36852.43664
1492,0,41846.24372,42409.01004
1493,0,57682.07217,59637.39467
1494,0,65628.88769,61567.22701
1495,1,36632.74561,41337.66633
1496,1,54940.63919,69197.33979
1497,1,39138.73701,35296.29037
1498,0,56647.02745,54541.02376
1499,0,45956.02577,47208.8233
1500,1,43331.51283,46451.79798
1501,1,40499.36503,59930.60238
1502,0,44940.33801,47683.79169
1503,0,40354.62205,35132.77624
1504,0,21676.74075,9992.943974
1505,0,53074.0357,54775.41501
1506,0,58852.31483,55074.21921
1507,1,51680.59806,63125.09059
1508,1,55042.87853,58668.55072
1509,1,68014.30099,70172.54279
1510,1,61038.77343,63112.53765
1511,1,40953.85625,50886.40212
1512,1,56891.64457,63969.55977
1513,1,68134.07699,81913.8606
1514,0,31789.13931,30713.60373
1515,0,51918.97736,56230.37442
1516,0,40824.97179,45221.85221
1517,1,53700.61115,62069.67842
1518,1,44652.43329,47103.1442
1519,0,44504.42864,46871.46879
1520,1,47974.75773,52488.54553
1521,0,38697.96275,38080.3814
1522,1,63305.74904,64276.69758
1523,0,58132.05187,47530.35816
1524,0,55179.94776,61421.82958
1525,0,31200.75615,33358.548
1526,0,36006.93825,29290.94715
1527,0,52792.67838,56381.23068
1528,0,51403.5987,57744.27616
1529,1,50774.80519,59663.14242
1530,1,61590.74065,62132.54976
1531,0,47585.02554,43925.06608
1532,1,81520.56735,83781.18727
1533,1,50022.87936,59328.30339
1534,0,21609.21341,24004.0127
1535,0,47426.99999,61378.4581
1536,0,40334.12109,32129.69578
1537,0,52956.24489,52693.2532
1538,1,44001.77977,39363.00347
1539,0,53078.32373,56061.56325
1540,1,75879.08974,86213.56283
1541,1,62235.68882,74446.21941
1542,0,41432.27906,42374.88953
1543,1,51904.2389,47337.69204
1544,0,36926.30218,36675.55932
1545,1,43856.76856,51040.71803
1546,0,44101.05244,39075.32116
1547,1,49020.84754,52695.95422
1548,1,56594.51241,55209.26424
1549,0,49468.79347,46405.27082
1550,1,35944.32981,45506.66266
1551,1,67963.60823,76364.42296
1552,1,58794.17041,56818.07286
1553,1,54148.655,55623.72927
1554,1,31103.50708,36388.967
1555,0,39080.661,40213.28259
1556,0,43672.4497,40357.97092
1557,1,51884.75761,59267.04488
1558,0,48550.95421,48374.54311
1559,1,54293.40823,46410.25939
1560,1,50469.34902,52610.99738
1561,0,58394.68505,55393.55639
1562,0,49241.28549,52632.654
1563,1,32289.31447,40769.61066
1564,0,52232.70836,43872.1945
1565,1,34041.06031,41233.4191
1566,0,31820.20775,31450.38852
1567,1,60599.36384,66231.48588
1568,0,53933.0705,50863.93541
1569,1,47114.51304,51805.36343
1570,0,36194.01294,41945.64705
1571,1,39078.58407,44639.51286
1572,0,58333.33912,58121.20559
1573,1,48626.89034,51230.87347
1574,1,45805.65247,56066.93214
1575,0,45638.44558,39234.5065
1576,0,36775.42043,32765.57242
1577,0,55136.14464,48445.08773
1578,1,61173.98816,67177.41403
1579,1,55114.99575,66013.73379
1580,1,64350.87399,67706.8969
1581,0,42658.26201,37311.23434
1582,0,29158.87061,37341.10302
1583,1,48133.21038,55389.62571
1584,0,61947.62862,63335.24934
1585,1,52193.02337,56242.07016
1586,0,37280.80999,40625.88085
1587,1,71549.28677,77858.5646
1588,0,48126.70982,45720.36767
1589,0,57157.34241,55588.32928
1590,1,46978.19413,46878.76013
1591,1,36504.23788,35781.41195
1592,1,49776.99716,53293.73619
1593,0,34385.06778,40156.14224
1594,0,49907.11438,44736.29832
1595,1,62025.76505,71207.6152
1596,1,26080.43796,27085.76369
1597,0,40362.41074,31429.39537
1598,0,42091.18208,44824.18088
1599,0,40041.84605,48185.68649
1600,1,76207.93091,76929.25551
1601,0,54715.4238,46866.06926
1602,0,48853.59164,51128.1654
1603,0,44140.72327,39524.85229
1604,0,41270.3891,43953.62199
1605,0,33433.76792,39191.16589
1606,1,39148.49473,45801.58221
1607,0,43499.76066,47548.6022
1608,1,32926.42042,42009.48119
1609,0,49426.04635,54375.77991
1610,1,67031.7261,72257.77994
1611,1,73883.71993,82779.10207
1612,1,38884.1975,44706.20624
1613,1,34649.59752,41606.19838
1614,0,52483.25143,67741.80802
1615,0,34021.27866,35229.28127
1616,1,67190.40613,64701.60646
1617,1,60539.85771,64552.76182
1618,1,54243.93938,57691.3106
1619,1,53379.57528,57055.60727
1620,1,35957.60434,45724.81647
1621,0,48406.37768,54059.33467
1622,0,41435.01763,40906.84141
1623,1,54875.60297,52916.23123
1624,1,49501.19846,54996.67633
1625,0,54700.44187,51983.49816
1626,1,30488.98136,36541.00493
1627,0,46064.70144,45459.89198
1628,1,51430.4877,62512.27579
1629,0,37807.15533,39181.19557
1630,0,50454.91476,47753.95654
1631,1,69483.42645,67555.76521
1632,0,40733.01691,40492.94609
1633,1,43077.49671,47855.30994
1634,1,66095.20666,69782.90291
1635,1,43931.34822,52807.96698
1636,0,50978.27175,44064.37929
1637,0,60018.24854,56205.52822
1638,0,66786.74673,67051.33473
1639,1,65192.83924,67395.29814
1640,1,50712.5375,53928.99131
1641,1,42000.59493,46699.33809
1642,1,41679.38695,50109.21162
1643,1,58745.17074,63242.30247
1644,1,56904.72686,52056.30458
1645,0,40177.05966,37163.07461
1646,1,58080.36189,65559.28327
1647,0,60404.30893,64217.67712
1648,1,48161.46107,57250.75046
1649,1,52147.13183,62653.02018
1650,1,49545.88782,55138.07421
1651,0,54347.70065,55663.52555
1652,0,50589.84222,45520.29948
1653,0,31302.583,20429.70644
1654,0,49070.55793,41982.64502
1655,0,42829.83851,39320.65075
1656,1,57565.64675,55767.12399
1657,1,59500.15829,63035.52359
1658,0,47168.61103,44858.16973
1659,0,56928.57584,61617.71091
1660,0,49612.57105,44766.88861
1661,1,42923.74105,48626.65064
1662,1,66350.66395,69251.82548
1663,1,39601.93469,39569.04186
1664,0,48759.78613,45121.22886
1665,1,37038.83336,31782.53483
1666,1,55156.28088,63898.01502
1667,0,48685.27404,55696.58031
1668,1,55107.92089,58770.5903
1669,0,37355.01593,37500.32637
1670,1,47993.60701,51514.31781
1671,0,53791.53119,49691.07478
1672,1,59413.10581,67937.62011
1673,1,50262.04753,56857.38915
1674,1,52921.92728,43361.25539
1675,1,27695.31981,27522.26607
1676,0,53440.53922,43175.23297
1677,0,49225.56539,57002.63712
1678,0,59184.54444,58325.40058
1679,0,43934.96612,45138.47393
1680,1,60960.69907,64194.2234
1681,0,42209.07261,47722.55624
1682,1,32237.53667,41541.06253
1683,1,40634.93625,44557.54034
1684,1,42282.59185,55872.55713
1685,0,41536.84023,42463.43094
1686,1,46634.4741,44333.84873
1687,1,52274.95876,57775.05244
1688,0,41971.75556,44558.95885
1689,1,49685.6083,54019.48453
1690,1,62066.08155,65008.66632
1691,0,56455.87712,65277.6837
1692,1,46864.70314,45935.39084
1693,0,55333.59245,41515.02332
1694,0,41485.93566,49581.20581
1695,0,44106.67769,37976.44071
1696,0,67041.05516,65607.96497
1697,0,45193.52059,43306.35981
1698,0,58913.03687,65071.77932
1699,1,53341.76417,65516.04607
1700,1,68904.40685,67442.52958
1701,1,30217.74751,42002.29565
1702,0,58227.82781,64919.87939
1703,0,38181.25875,38278.03345
1704,1,39139.45418,48802.16696
1705,0,41657.1819,46821.33167
1706,0,63101.91908,61839.77982
1707,1,30886.83108,35098.9983
1708,0,69114.19087,72060.83111
1709,1,55535.69531,52393.07048
1710,1,51825.01031,55055.97697
1711,0,50355.66074,44353.86701
1712,0,41033.57773,48151.46874
1713,1,70565.43565,73737.52253
1714,0,55925.67274,57307.54135
1715,0,31099.89829,30007.83861
1716,1,36578.72252,40161.30209
1717,0,59976.32077,61031.15221
1718,1,42760.09668,44106.87836
1719,1,52318.42092,56326.00916
1720,0,55017.82736,53988.61238
1721,0,35547.94736,33431.87086
1722,0,52561.70606,54516.9906
1723,0,45341.94431,43106.96465
1724,0,57638.60352,65694.17843
1725,1,57774.07353,65918.89407
1726,0,59788.89559,53042.34531
1727,1,58936.97689,66691.36661
1728,1,45452.05283,47004.65434
1729,1,44876.25759,50554.70847
1730,1,52266.84248,53610.86528
1731,0,62208.21299,51236.19355
1732,1,54809.08093,59700.41346
1733,1,38283.45653,36111.37773
1734,0,57396.53152,59495.10846
1735,0,42432.36023,43306.28436
1736,1,33153.32423,35133.90151
1737,0,33729.95079,42857.63598
1738,0,51234.79809,45038.36076
1739,0,37306.69503,34185.00678
1740,0,43960.19374,38356.73583
1741,1,39307.45506,54514.03522
1742,1,48091.2778,59852.49851
1743,1,33884.32641,31773.71709
1744,0,45757.63667,41629.73146
1745,0,61598.39966,57640.10637
1746,0,60743.33005,57989.69496
1747,0,36140.12058,30926.21731
1748,0,53386.87318,50358.11799
1749,1,45762.40318,55786.76453
1750,0,55560.22097,65294.78265
1751,1,49519.11493,46797.12403
1752,0,49162.8204,43957.28479
1753,0,53873.71481,54941.51203
1754,0,66383.59732,58482.06912
1755,1,56802.30208,62999.46219
1756,1,65886.26928,73586.78322
1757,1,54914.29453,63417.55728
1758,0,54447.73808,57008.46071
1759,0,48745.4574,46069.21466
1760,1,58438.3951,62530.04729
1761,0,56082.46192,50184.82399
1762,1,48482.85566,55804.54894
1763,0,38951.37207,46968.17341
1764,0,39357.79993,41668.80443
1765,0,52642.68272,49167.67904
1766,0,50087.83655,55061.79581
1767,1,52125.74031,68953.97378
1768,0,67311.69632,68527.44518
1769,0,59321.91564,62094.27986
1770,0,53255.77817,56644.28364
1771,0,54936.54848,46914.26215
1772,1,31420.98549,34365.37462
1773,1,53562.52789,55993.19578
1774,1,46574.50799,55748.84124
1775,1,33077.29168,41669.13822
1776,0,58193.73268,57590.04897
1777,1,61717.17915,63847.78885
1778,0,42842.40011,34409.42031
1779,0,49624.29355,49547.23091
1780,1,53475.61614,53702.77556
1781,0,55062.40989,49669.9032
1782,1,23751.82944,33383.17326
1783,0,47566.16021,51675.75918
1784,1,57424.58914,59981.61835
1785,1,45885.73393,43040.51252
1786,1,40337.5368,41208.4789
1787,1,48256.45742,58222.72723
1788,1,32961.28413,40299.87722
1789,0,56554.0383,54195.01431
1790,1,56927.22755,62220.99344
1791,0,33934.22899,23560.1194
1792,1,42648.83199,36896.21006
1793,1,62637.06678,77522.69938
1794,1,47472.36745,55004.99854
1795,0,45068.77178,45077.0821
1796,0,47819.54105,45834.76013
1797,1,58970.66197,55161.49202
1798,0,55027.44807,59993.51871
1799,0,49373.51778,43689.07396
1800,0,51847.10475,55368.01797
1801,1,52431.23459,58091.23841
1802,1,52909.6473,57649.17498
1803,0,53163.58322,46651.75162
1804,0,49551.0697,43105.81968
1805,0,47001.61804,48951.28997
1806,1,44985.97853,50382.06265
1807,1,64527.55545,69763.39082
1808,0,49908.17647,51338.38443
1809,0,58272.36108,48588.64363
1810,0,38463.07719,43538.79639
1811,1,44707.9899,47928.4912
1812,1,54129.98912,64978.21423
1813,0,74267.16486,64225.54484
1814,0,42091.00618,44936.13621
1815,0,60400.6182,63198.51469
1816,1,55488.83835,53058.17499
1817,0,51435.87937,48239.59878
1818,1,61818.91093,61521.37895
1819,1,65781.18058,75097.24369
1820,0,34446.26266,35990.70508
1821,0,42106.61494,50100.85907
1822,0,65898.38978,66913.15945
1823,1,60487.07126,69148.2922
1824,1,49368.76987,60228.82358
1825,1,55070.20272,62842.33635
1826,1,47149.05743,50228.14141
1827,0,54968.73591,52117.26368
1828,1,52531.65238,57132.98524
1829,1,60016.31825,68999.2372
1830,0,43877.63265,40047.11735
1831,1,47593.34825,55854.11589
1832,1,37450.77332,44063.93491
1833,1,59242.7014,57976.17078
1834,1,61954.80651,69972.4828
1835,1,51940.51944,57650.1245
1836,1,49313.65954,51561.03848
1837,0,58168.37011,58805.51298
1838,0,44061.88592,41503.6308
1839,1,42719.22902,48957.58934
1840,0,45223.54417,44383.74233
1841,0,28303.22582,20653.60466
1842,0,58870.79776,58180.61966
1843,0,41523.66071,39310.24124
1844,1,62912.73839,71090.67016
1845,1,56683.40489,66082.24737
1846,0,46692.10776,44147.09895
1847,0,38130.06612,34183.08873
1848,0,63313.39062,54912.62038
1849,1,39415.59366,40345.40805
1850,1,52668.18396,56051.84009
1851,0,61168.33776,54472.02107
1852,1,28694.3352,38160.01816
1853,1,20705.5131,27016.3229
1854,1,53906.95921,58304.87564
1855,1,62949.85585,67866.49933
1856,0,49359.22236,50889.44713
1857,1,55530.40086,63695.87575
1858,0,48220.82124,52265.85943
1859,1,59189.14855,62643.49357
1860,1,38103.33341,42393.65868
1861,1,49304.67714,55169.52767
1862,1,48168.49529,52254.68865
1863,0,44970.25229,49331.83937
1864,1,28229.34954,39365.96173
1865,1,62748.75041,69469.11699
1866,1,44293.5957,44752.63749
1867,0,30449.5123,32991.5179
1868,0,44860.99373,46779.489
1869,0,38435.84183,33475.63171
1870,1,35763.17363,42676.17343
1871,1,56986.88814,59265.93554
1872,0,49426.09297,53156.56205
1873,1,53794.05398,61295.40659
1874,1,44035.88592,50150.81861
1875,1,37068.58456,42261.31823
1876,1,34321.40575,28654.54538
1877,1,54158.36836,53086.99284
1878,1,27944.33943,32290.33333
1879,0,37299.38911,44896.30685
1880,1,66733.63946,74557.0448
1881,1,47082.41368,61152.64532
1882,1,51894.79821,57309.73418
1883,1,65287.47851,70133.22469
1884,1,62347.51914,74473.14507
1885,0,41307.13013,40511.05861
1886,0,20088.64029,15156.29076
1887,0,41764.65029,43348.42088
1888,0,70498.12096,76110.69087
1889,1,54873.05237,55743.31481
1890,1,57146.09791,65091.3156
1891,0,38765.05967,38298.87712
1892,0,44301.67072,46558.41964
1893,1,45225.89294,51793.56232
1894,0,53244.58604,51173.06409
1895,1,44606.94986,49076.01055
1896,1,41232.26219,44466.12305
1897,1,42274.31251,47868.05361
1898,0,52314.45923,48083.97322
1899,0,55320.06199,52284.63731
1900,1,49484.77071,52414.96869
1901,1,56958.63839,63917.15292
1902,0,39503.44501,32425.77536
1903,1,56789.3129,61253.66473
1904,0,55008.31591,51467.27092
1905,1,42198.00871,45140.94914
1906,0,53675.10411,50374.25812
1907,1,41611.07326,47583.93316
1908,0,49660.74774,48875.18127
1909,0,65280.31359,68838.36471
1910,0,41949.04819,43957.70522
1911,0,61013.22958,53327.99916
1912,1,34230.03518,34430.03989
1913,1,56870.65796,61005.12153
1914,0,29179.01297,28964.337
1915,0,47706.17668,43347.27283
1916,1,58901.98411,70421.85596
1917,1,51954.81732,61278.25602
1918,1,39246.87607,36023.17186
1919,0,67025.14658,68752.27838
1920,0,72187.80233,71958.81965
1921,1,50435.14669,61654.52189
1922,0,28952.50494,21103.08531
1923,1,50976.70377,66275.97782
1924,0,58524.68643,54309.95813
1925,1,40818.73017,47711.36426
1926,0,60114.63035,57082.84547
1927,1,55050.21088,58169.41629
1928,0,65587.89184,57140.8019
1929,1,44623.54242,55607.97624
1930,0,47702.00369,46353.76693
1931,1,57335.47814,61327.18857
1932,1,53883.75729,70446.16682
1933,1,29500.58721,39297.80076
1934,1,49859.01034,51517.20396
1935,1,40100.42207,42049.14257
1936,1,40153.45215,46452.4582
1937,0,43891.4236,47745.07317
1938,1,37209.69264,50971.90289
1939,0,66296.42131,58255.92452
1940,0,46995.34051,50630.43705
1941,0,47704.51345,52142.86
1942,0,38058.10599,34110.57173
1943,1,51412.5714,54611.27189
1944,1,45840.33072,42688.6725
1945,1,52032.35955,54527.89107
1946,1,59567.03186,65727.50229
1947,0,57564.88354,65535.47085
1948,0,29826.61202,38258.43931
1949,0,53338.59967,48192.10216
1950,0,43076.49226,50365.78816
1951,0,35999.29277,26252.56649
1952,0,42300.03934,39375.38975
1953,1,60417.24664,63908.19611
1954,1,31961.37207,38220.31903
1955,1,71699.36588,77231.91758
1956,1,40066.413,46894.90563
1957,1,45969.24011,50054.45298
1958,0,52167.75564,56965.69908
1959,1,52766.00766,61225.18584
1960,1,64949.38227,68501.56792
1961,0,57821.30002,62033.26847
1962,0,52166.24975,62508.42646
1963,1,46594.01293,48227.72066
1964,0,27831.81161,36208.49419
1965,1,36316.84961,38399.47303
1966,1,59495.94571,71547.57549
1967,0,45454.52281,42724.84281
1968,0,37195.44429,41023.75642
1969,0,47933.8872,48832.05276
1970,0,54105.50085,45179.20851
1971,0,50344.41012,59922.17198
1972,1,38107.67535,38630.4154
1973,0,54158.26629,47810.26974
1974,1,44868.03635,46670.84245
1975,0,72714.49745,85370.73362
1976,1,43316.54805,42047.98011
1977,0,43645.9012,44537.11879
1978,0,46023.20306,40407.39143
1979,1,54201.91543,54443.37424
1980,1,57567.8868,54570.77395
1981,0,30632.47297,32208.31399
1982,1,75393.81623,79587.71697
1983,0,49587.07313,43930.24191
1984,0,50841.6823,55207.69964
1985,0,44539.58201,49433.18559
1986,0,81129.10201,83165.19505
1987,1,41614.14202,52467.49171
1988,0,52113.96567,50368.91434
1989,0,55309.75662,56921.6301
1990,1,41133.19078,44407.44249
1991,1,55433.90828,52897.24269
1992,0,44874.65889,45970.8909
1993,1,56820.6949,62614.08443
1994,0,58155.01022,58004.03868
1995,1,73436.54053,80305.91748
1996,1,51856.8858,63916.39797
1997,1,50033.75507,54011.65516
1998,0,61905.48594,57119.6421
1999,0,73490.75787,72252.00282
2000,0,58891.53825,58207.33808
2001,0,50838.26628,55756.20915
2002,0,49833.89658,50367.21209
2003,1,49194.00251,48453.05572
2004,0,32237.64767,36264.93699
2005,0,48762.6732,51988.31239
2006,1,55507.97572,61043.48798
2007,0,49063.63811,53804.87043
2008,1,50128.28644,60706.32149
2009,0,39026.97472,37139.77227
2010,0,52942.24129,48441.43512
2011,0,58107.98646,58048.60436
2012,0,55222.50636,57905.56499
2013,1,58447.74376,62920.96906
2014,0,47438.20248,42496.08456
2015,1,46847.03345,52660.39331
2016,0,55044.83256,44877.32921
2017,0,49475.95549,47853.65013
2018,1,59854.49686,69110.32635
2019,0,57328.29082,61855.48266
2020,1,56256.30934,42457.4147
2021,1,54990.95816,59028.03764
2022,1,53631.15628,61627.53525
2023,1,60269.86263,59389.45227
2024,0,54795.07548,52935.30211
2025,0,53483.41739,59522.00117
2026,0,51230.78202,48809.96493
2027,1,58347.51326,71340.72161
2028,1,49687.96511,50982.03653
2029,0,49260.27136,56309.67222
2030,1,56620.51835,61788.33612
2031,0,47559.19526,43167.55883
2032,1,61972.46924,74038.53965
2033,0,53278.79524,47246.42047
2034,1,44030.25713,45050.39591
2035,1,63227.44467,70677.04171
2036,0,57114.10579,57518.19277
2037,0,48655.03216,50024.85094
2038,0,42657.66678,40816.07516
2039,0,47423.79514,41426.82759
2040,0,62308.74513,59047.46632
2041,1,42374.80761,53976.80402
2042,1,48567.41085,46882.50637
2043,1,48246.21544,61468.55261
2044,0,41107.59172,42686.88665
2045,1,59427.88514,61443.86061
2046,1,43250.65981,38240.39489
2047,0,53993.17602,44639.7481
2048,1,49358.15839,52578.73889
2049,1,55001.43033,57616.21
2050,0,45711.52074,46300.26362
2051,0,51986.8001,60582.52177
2052,0,36340.44289,39028.41297
2053,0,53674.81665,53031.37274
2054,1,46491.5057,57575.72748
2055,1,57324.92103,63078.19066
2056,1,44778.6843,57777.22927
2057,0,52430.91728,49070.48581
2058,0,51814.2662,46075.31234
2059,1,38002.74735,33001.08597
2060,1,57840.02779,62312.97151
2061,0,47274.55279,41101.34517
2062,1,50845.05146,49601.03579
2063,1,45632.35763,55803.95471
2064,0,78684.03056,70073.52243
2065,0,47057.57494,47575.36731
2066,1,52076.03351,56659.86996
2067,0,54097.62796,54558.2837
2068,0,43657.14152,50577.65387
2069,0,39736.30792,35607.85141
2070,0,48584.70363,55509.44606
2071,1,46069.47243,42268.44715
2072,1,53131.84474,61385.54992
2073,0,38589.9149,45971.7818
2074,1,50858.93006,35588.67964
2075,1,52253.07922,57076.11459
2076,1,55362.9091,59779.25587
2077,0,52692.94753,53052.19007
2078,0,58203.44013,66761.22973
2079,1,58578.98825,59760.83392
2080,1,46219.92101,45297.37836
2081,0,44235.80424,44631.41765
2082,0,53174.53261,58796.09982
2083,0,42668.43803,45461.61244
2084,1,42188.43622,47360.0462
2085,1,42417.17931,46271.0243
2086,0,45901.98756,35867.33592
2087,0,47725.2374,50654.55004
2088,1,40871.89081,49398.59372
2089,1,43409.60725,44947.93941
2090,0,58282.2969,55958.69757
2091,1,52965.76939,52724.62428
2092,1,56102.1617,65442.77906
2093,0,59374.77493,57545.44352
2094,1,64967.10407,69220.58074
2095,0,38963.30171,42109.6223
2096,1,36473.29714,43108.16741
2097,1,35230.75072,43047.1564
2098,1,48893.34631,54767.53284
2099,1,66957.22878,72942.82045
2100,0,56041.2089,56979.39817
2101,1,51034.38129,58298.96009
2102,1,59619.87189,67127.40735
2103,0,43433.10654,37309.56674
2104,1,43322.20444,45336.23318
2105,1,54798.27035,58781.47904
2106,0,50693.69803,52952.78931
2107,1,70958.43502,83945.55183
2108,1,69915.53302,70849.41786
2109,0,52887.23663,57280.49501
2110,1,46001.21761,48156.48505
2111,0,47025.17799,53877.76217
2112,0,50795.97862,60357.69828
2113,0,55540.57771,46800.50924
2114,1,67193.77906,70562.11123
2115,1,54002.35856,47251.13515
2116,0,41753.8775,33304.69737
2117,0,65301.95199,57164.32579
2118,1,48606.02799,56726.35787
2119,0,66406.14563,68591.06386
2120,1,45540.56286,54546.78513
2121,1,30723.27421,38762.8568
2122,1,55514.76275,62940.08686
2123,1,44193.51697,49752.80223
2124,0,43948.43764,43294.03612
2125,1,51983.93517,62081.92383
2126,1,29349.16954,34410.55898
2127,1,48131.03842,55756.93333
2128,0,54820.66727,43169.2406
2129,1,57579.2185,56703.87309
2130,0,60354.43416,65255.55543
2131,0,53220.82311,49878.64844
2132,0,33605.15837,26628.37079
2133,1,62960.63062,71167.09228
2134,1,59603.04796,64609.71959
2135,1,56373.24683,59338.55097
2136,1,58451.57971,70997.13456
2137,0,56002.12966,62689.3002
2138,1,57356.21997,61417.03397
2139,0,36080.41619,39692.29271
2140,1,46659.22769,40465.70863
2141,1,59324.34871,69791.14387
2142,1,75490.09709,75057.16454
2143,1,61801.28174,59540.57206
2144,0,48356.64794,39430.3227
2145,0,55193.58746,45880.82801
2146,1,66734.5209,77136.14861
2147,0,44470.79163,47626.51517
2148,0,49189.54035,45360.24214
2149,0,41984.7241,46259.21928
2150,1,64436.32003,66461.41289
2151,0,52231.53055,53849.77775
2152,0,52338.48026,49926.93512
2153,1,66562.08252,70962.26688
2154,1,39097.91593,39556.93139
2155,0,60703.6516,56904.56346
2156,0,55995.77541,58716.25632
2157,0,44929.91341,48453.80824
2158,0,33695.26756,31624.64699
2159,0,69351.5404,61723.83918
2160,1,58280.58815,75636.82337
2161,1,40745.75374,45929.23703
2162,1,29496.42543,36057.12957
2163,0,76930.33664,70623.68765
2164,1,52222.89856,63299.0663
2165,0,66087.80856,72927.28487
2166,1,46648.62219,43108.4479
2167,1,41936.23071,46424.30257
2168,0,51979.16667,51076.98182
2169,1,47828.68925,64770.92333
2170,0,53423.37834,60641.44738
2171,1,63555.72936,61301.83729
2172,0,55027.84427,51387.58337
2173,0,37542.82624,33077.85616
2174,1,39393.94934,46252.33122
2175,0,58316.16786,66177.21227
2176,1,49654.49376,55200.36392
2177,0,38977.0785,41482.90968
2178,1,45877.79255,47556.24903
2179,1,59514.49277,66993.53126
2180,1,44517.31205,47157.72288
2181,0,41476.13234,33272.33468
2182,0,36121.3145,38275.66804
2183,0,48297.41753,48248.15542
2184,0,46590.92123,41104.93351
2185,1,73817.13532,87044.06194
2186,1,59965.70511,61133.43516
2187,1,57441.8571,65487.36368
2188,1,51893.28307,55080.54212
2189,1,48583.51414,61301.40023
2190,1,44155.44708,47967.50751
2191,0,38672.15049,30299.01004
2192,1,48037.19349,57087.20406
2193,1,47436.59322,60134.31315
2194,1,55221.42546,58083.36847
2195,0,63183.02325,66577.4473
2196,0,39629.33926,40276.49729
2197,0,61460.27575,59546.69597
2198,1,63764.9645,72968.76639
2199,1,36841.84184,37841.66189
2200,0,51768.20872,51930.68475
2201,1,63254.32109,69541.10472
2202,0,45838.05595,46943.5028
2203,0,38244.05394,34367.02015
2204,0,55032.52065,65330.54675
2205,1,60235.30644,71546.53311
2206,1,54860.36289,64812.42569
2207,0,45918.99161,53085.05648
2208,1,42475.64763,47819.45537
2209,0,34810.89175,32954.44024
2210,1,41875.97651,41430.79763
2211,1,66284.68555,67767.52761
2212,1,46385.37233,46315.25543
2213,0,41122.30488,38481.77748
2214,1,68486.08833,74868.46646
2215,1,51600.18226,61170.30675
2216,0,42530.76715,46962.53469
2217,1,53883.12005,53025.58183
2218,0,45903.13407,49348.78067
2219,1,30245.12229,40964.40947
2220,0,59452.11535,58180.9397
2221,1,57979.9455,68968.69563
2222,1,49944.39706,59323.39836
2223,0,54217.80074,47894.84603
2224,0,62202.82896,73161.5099
2225,0,40781.40187,37203.16405
2226,0,46433.26866,51220.3684
2227,0,51704.63771,56310.74771
2228,1,41201.85646,40081.79696
2229,0,52514.73609,53409.63351
2230,0,51263.14199,55807.72355
2231,1,46024.42235,44851.35581
2232,0,49125.64671,49623.72751
2233,1,66554.07113,76517.4364
2234,1,61785.1269,72071.3299
2235,1,47411.456,50426.09087
2236,1,52952.79941,65674.64549
2237,1,45258.21825,56785.82854
2238,0,46307.22861,47513.36843
2239,0,57828.73735,54533.98013
2240,0,55384.34957,49555.09046
2241,1,33126.55653,40014.28484
2242,0,39078.788,46401.35085
2243,1,19923.6766,24187.91327
2244,1,45286.84279,45991.43357
2245,1,36114.57446,45239.19389
2246,1,35279.62927,41152.19175
2247,0,58614.36526,61193.89019
2248,1,50460.02747,52833.63412
2249,1,53896.04524,57046.78918
2250,0,63204.1401,60554.16178
2251,0,59153.90276,61649.74837
2252,1,31481.57268,34784.59428
2253,1,56813.62327,64775.74508
2254,1,46028.04684,47921.18873
2255,1,60268.94618,67756.45403
2256,1,46849.13269,55368.03854
2257,1,50078.80185,56736.51659
2258,0,70682.26042,75267.47765
2259,0,52205.41427,49798.13181
2260,0,51495.97958,54959.19024
2261,1,55646.05926,61812.78582
2262,1,73638.72495,74590.05571
2263,1,48851.97751,44316.81741
2264,0,53161.55957,44695.75893
2265,1,50394.47048,44352.66297
2266,1,47877.9103,55008.55669
2267,1,40251.93424,43628.08913
2268,1,46535.73494,51971.79664
2269,0,59863.76506,58961.75714
2270,1,44108.87867,52017.22904
2271,0,49609.80481,52664.36681
2272,0,41438.30159,41652.80576
2273,0,42367.13896,42884.24119
2274,1,48046.09649,53762.91993
2275,1,51642.94765,63601.86241
2276,1,64769.34426,59746.35152
2277,1,44641.98537,46289.38089
2278,1,62725.70163,72052.0081
2279,1,36331.41637,46870.92886
2280,0,45041.21828,47177.2187
2281,0,57426.82418,56506.18914
2282,0,49511.02817,58818.8267
2283,0,52577.5254,53466.58415
2284,0,44393.92363,44547.85358
2285,0,44717.02953,51375.9561
2286,0,31599.22255,33976.97823
2287,1,36807.52805,46506.67916
2288,0,44806.03628,50090.89795
2289,0,37609.47297,35747.11486
2290,0,45171.72409,54010.38315
2291,1,58761.69167,51451.09112
2292,0,73036.38752,63138.10298
2293,0,56324.54217,52923.46906
2294,1,34484.87751,37368.07473
2295,0,39915.51267,41728.63613
2296,0,52553.83756,49106.61487
2297,0,35668.48185,35608.8899
2298,0,62059.94517,61034.2318
2299,0,59079.62314,69101.94846
2300,0,40212.59164,36187.71334
2301,1,43617.17273,40201.94995
2302,1,52106.00839,62701.00956
2303,1,49066.13141,50496.34858
2304,0,58260.47171,57802.15526
2305,1,41317.39038,43086.51313
2306,0,62189.7079,65875.58839
2307,0,48772.91066,41901.53789
2308,1,28727.7258,19731.76656
2309,0,67586.20484,74064.78628
2310,0,43932.99705,45170.35111
2311,1,52166.83119,62530.05328
2312,1,31168.49792,42479.55778
2313,0,45597.40796,41015.07689
2314,1,39226.23923,44529.56422
2315,1,35503.5478,43030.4902
2316,0,49975.96159,49434.50123
2317,0,39852.40507,38291.64898
2318,0,38784.69853,37716.44259
2319,0,38206.30878,43624.02314
2320,0,52513.16648,51218.10551
2321,1,48762.71054,56763.85788
2322,1,43823.58323,50558.04725
2323,1,50600.85995,50779.94492
2324,0,59235.08616,60744.93361
2325,1,48035.33417,45341.9788
2326,1,36519.52888,43526.69507
2327,1,45982.04973,55437.63566
2328,0,60363.02892,65970.09907
2329,1,43345.77702,43582.32632
2330,0,39579.55588,36898.78552
2331,0,36328.62194,37748.94797
2332,0,38488.46263,36108.83858
2333,1,41217.36747,36572.98256
2334,1,48409.5479,50701.06553
2335,0,45368.38638,46769.39457
2336,0,48713.40554,54051.04711
2337,0,53556.68949,62002.73196
2338,0,52981.58466,53606.32383
2339,0,40357.99929,43190.47172
2340,0,42211.62957,47015.54953
2341,1,58500.79332,53247.99587
2342,0,48422.53017,43326.44971
2343,0,63404.61052,63917.42154
2344,0,37967.99145,45747.71579
2345,1,49227.78955,57376.59321
2346,1,46081.23235,52729.73037
2347,1,41536.4028,45395.84261
2348,0,55628.8086,57762.77925
2349,1,55861.658,57879.455
2350,0,48832.34084,44933.19444
2351,1,56227.11224,57762.42725
2352,1,62554.03609,74256.44365
2353,1,40757.66856,41556.4082
2354,1,46692.25104,49698.3656
2355,1,48837.70957,56192.76573
2356,0,41255.64352,36854.71925
2357,1,56719.44608,62850.26564
2358,0,41627.37569,42756.39666
2359,1,44706.67888,46584.40833
2360,0,44964.30381,43670.40271
2361,0,49460.95151,44743.07006
2362,0,37236.95583,44150.78585
2363,0,38880.32974,40168.29905
2364,0,56653.68935,51410.47396
2365,1,46251.77943,51883.36985
2366,0,46647.55918,47505.52999
2367,0,33093.28372,21877.08451
2368,1,41072.12485,52774.34507
2369,0,74116.76676,69168.72619
2370,1,61223.74219,76674.81562
2371,1,45956.38007,54932.83388
2372,1,29741.92127,29107.77257
2373,1,57499.00239,60927.74929
2374,0,39614.56179,44227.65259
2375,1,45925.39893,49736.63524
2376,0,67481.37069,73372.55736
2377,0,50722.78965,48842.44561
2378,1,38698.21271,43304.88654
2379,0,51580.89225,56331.6424
2380,1,29006.43736,37023.39232
2381,1,69870.61112,70244.47393
2382,1,36735.27872,43905.5369
2383,1,50253.88421,56091.12476
2384,0,49861.62254,45302.9554
2385,0,49364.75425,42412.36929
2386,1,47514.71382,42857.79549
2387,0,62302.22176,60830.10133
2388,1,54281.86248,59011.82946
2389,1,59758.16719,67281.05747
2390,1,41950.33519,51052.72829
2391,0,24704.39922,22635.10501
2392,0,57158.72745,56743.37071
2393,0,52106.68465,48313.07305
2394,0,37257.67881,37693.87091
2395,1,53813.09612,63655.63953
2396,0,64974.31683,65480.03104
2397,0,46921.91529,52738.54229
2398,0,47132.05764,51890.96594
2399,1,46528.13505,58816.62423
2400,1,23642.52261,29288.68477
2401,0,57918.5931,55256.44223
2402,0,67495.83904,70602.00666
2403,0,65905.82073,64041.30574
2404,0,52047.58882,54996.84702
2405,1,51057.53791,52743.52138
2406,1,54238.89482,55096.86556
2407,0,62337.24278,68419.4727
2408,0,42632.29864,37569.42649
2409,1,39759.71409,49870.95299
2410,0,47618.89564,50549.05049
2411,1,60683.79334,66155.28117
2412,0,29253.59962,19790.37536
2413,0,36668.71645,44097.01206
2414,0,57658.78279,52984.58445
2415,1,40836.79081,50602.55892
2416,1,36189.55397,37734.84996
2417,0,34369.65693,30513.84087
2418,0,40258.78154,43601.8621
2419,0,47463.23922,50155.56441
2420,0,64104.59145,58379.10372
2421,0,44678.31437,51862.10997
2422,0,48614.87755,47584.64923
2423,1,59562.95002,64907.59336
2424,0,50313.95866,48828.57054
2425,0,35170.15568,29656.33613
2426,1,62531.32825,71207.45055
2427,0,41189.31663,42637.07011
2428,1,41837.82755,42812.40333
2429,0,38382.16156,43102.82821
2430,1,36341.75845,41615.94315
2431,1,53496.50047,58878.38556
2432,1,51286.1745,65168.76796
2433,1,39914.45316,36874.4542
2434,0,68709.65175,60603.63221
2435,1,52008.45093,50028.4256
2436,0,58920.676,60738.84216
2437,0,47430.54875,45635.33083
2438,0,53485.9512,52088.21894
2439,1,42152.38092,42440.29886
2440,0,55055.89242,63382.14879
2441,1,41543.26896,56548.35881
2442,1,48487.0078,57981.53061
2443,1,47886.1577,45349.72934
2444,1,46117.56946,48683.08518
2445,0,43671.19725,47808.50292
2446,0,51906.35591,51677.20917
2447,0,56863.53555,61374.63778
2448,0,53207.85726,59446.93412
2449,0,47996.47422,57532.45286
2450,0,60074.43973,56800.11394
2451,0,54215.46084,54621.88557
2452,1,42878.26136,45674.4448
2453,1,52810.0925,47806.1813
2454,0,40490.8927,43998.83136
2455,1,63522.02679,71339.23579
2456,0,44517.99702,41783.86625
2457,0,57835.89665,49845.61919
2458,1,46485.85764,49565.24135
2459,0,34412.13005,38067.76332
2460,0,56649.27162,63335.93602
2461,1,52873.28904,54310.39573
2462,1,40064.10484,50602.58661
2463,1,53416.60232,61528.9569
2464,1,63286.40828,70352.57869
2465,1,43018.00325,41550.24253
2466,0,39498.5926,33248.11522
2467,0,28100.78295,23946.85313
2468,0,55648.42359,54016.486
2469,0,52972.44273,61976.17308
2470,1,46671.39596,48360.22045
2471,0,43971.79344,47828.05051
2472,1,46043.19288,48719.37669
2473,1,55148.83596,62512.37253
2474,1,60071.57201,64756.66618
2475,1,57060.78914,62945.90478
2476,1,45115.2392,51963.31318
2477,0,52043.89032,50796.60379
2478,1,42140.13967,49012.45988
2479,0,55376.29903,61545.87817
2480,1,55705.07208,56934.49501
2481,0,52586.61148,58515.94059
2482,1,40837.25899,44511.24397
2483,1,56460.06187,59605.10037
2484,0,44822.42553,48320.22233
2485,0,34833.57451,33127.77859
2486,1,39803.35661,46399.20287
2487,0,50193.81238,51322.55192
2488,1,39486.90088,34069.46496
2489,1,41743.46317,48831.38858
2490,0,37264.14451,30058.63601
2491,0,49373.60423,42549.19635
2492,0,57903.71896,59736.03769
2493,1,59515.49771,67198.44654
2494,0,32239.88246,38265.12974
2495,1,79181.73555,78734.89761
2496,0,55101.57469,51395.17967
2497,1,66238.84993,73560.6789
2498,1,41656.76955,52778.15684
2499,1,50085.56081,56046.43477
2500,0,54512.25319,50122.25845
2501,1,57688.39676,70220.48188
2502,1,30883.59449,34571.76184
2503,1,45117.26158,48961.25845
2504,1,48751.13115,46571.8942
2505,0,48884.91173,52505.3501
2506,0,49303.66547,53566.69341
2507,1,65210.06227,66680.9072
2508,0,45713.45473,54469.49003
2509,1,56544.31027,58608.66833
2510,1,67817.98909,75944.26148
2511,0,53687.33147,54805.5775
2512,1,50580.22735,45452.44637
2513,0,43493.40173,46212.91914
2514,1,61933.11006,69203.73329
2515,1,48247.0547,44415.14138
2516,1,44199.46759,56826.13395
2517,0,37414.95089,39705.89304
2518,0,40755.34012,46952.34579
2519,1,50379.37835,46798.84229
2520,1,48141.54248,51089.381
2521,1,41956.8424,52859.85493
2522,0,53361.44963,45519.99285
2523,0,60887.69654,58982.14577
2524,0,70122.70446,72155.21232
2525,1,56359.67751,51886.77586
2526,0,51941.07631,45334.12753
2527,0,46419.7062,53330.12738
2528,1,51007.91073,56306.88376
2529,0,56789.46988,62672.97035
2530,1,38928.43183,44838.90981
2531,1,38691.11565,55970.59783
2532,1,53868.08521,61061.74662
2533,0,43736.84724,50085.74194
2534,0,49468.93198,48238.4998
2535,1,46637.45261,52691.10066
2536,1,53676.1984,61885.55229
2537,1,57978.4378,67017.47009
2538,0,45158.26049,44963.30581
2539,1,49395.96271,54409.68466
2540,1,53676.49293,61186.09172
2541,1,43916.49235,51422.80796
2542,1,60819.84809,60694.5561
2543,1,55533.88983,61658.69559
2544,1,35159.43335,41763.30298
2545,0,35027.42355,30145.83276
2546,0,52602.80507,57132.43923
2547,0,47604.98078,49668.7039
2548,0,58929.5387,70582.78527
2549,0,36494.44036,36364.37279
2550,0,40202.78775,45883.34317
2551,0,50980.6754,53676.30325
2552,0,56979.03273,66586.23036
2553,1,48699.39706,48849.49328
2554,1,61464.4087,63987.83868
2555,0,46903.50286,42224.9656
2556,1,44425.76947,49036.18144
2557,1,56549.75584,55926.1343
2558,0,47915.31789,40284.89836
2559,0,53594.75798,42927.64046
2560,1,58481.74213,52494.39408
2561,1,54996.8511,63278.80956
2562,1,55731.27813,58454.08688
2563,0,63814.54079,57645.78048
2564,0,48158.54184,44863.14368
2565,0,56952.029,54312.51427
2566,0,47343.9544,42520.95335
2567,0,53076.76653,61104.51901
2568,0,50193.44071,57277.58522
2569,1,40838.08085,53780.53009
2570,1,25736.07929,31632.06123
2571,0,48678.30644,50080.62888
2572,1,50789.64046,52526.57017
2573,0,50795.73535,46560.37982
2574,0,47125.52481,47234.15271
2575,0,68577.02344,71838.80356
2576,1,39103.66963,50082.51039
2577,1,44087.15211,46357.2064
2578,1,56820.52066,55556.85141
2579,0,55002.40469,58672.32963
2580,1,54359.7539,50269.03614
2581,0,36984.12017,36788.06733
2582,1,55583.36423,61029.88736
2583,1,64288.57708,67394.63807
2584,0,52579.75981,44853.53427
2585,1,55496.83186,58668.77682
2586,1,53896.14177,67108.85403
2587,0,41192.4591,44151.06711
2588,1,32980.9777,43789.55071
2589,0,50042.29859,43956.28945
2590,1,41823.17603,48101.7157
2591,1,33997.28895,39438.99071
2592,1,43779.65194,49318.1792
2593,1,60639.40988,68418.63954
2594,1,58760.46793,64497.08043
2595,0,64273.05364,58325.75828
2596,1,58616.36124,66682.63149
2597,0,48117.38665,52321.80805
2598,0,39706.28492,46303.67977
2599,0,59577.91614,66396.18036
2600,0,43589.18733,45971.35267
2601,1,31688.55122,30974.36568
2602,0,45517.75384,37870.83467
2603,1,51310.65186,55175.18383
2604,0,49107.65846,53705.01333
2605,0,52252.64117,56527.81651
2606,1,64244.95821,70614.95452
2607,0,45848.99711,45666.20092
2608,0,50516.60977,60035.28589
2609,1,54147.72891,62017.88829
2610,0,53099.98983,52663.62445
2611,1,50917.52484,52690.31973
2612,0,52915.63677,47872.61018
2613,0,44611.58144,39076.26137
2614,1,60469.11794,60426.65083
2615,0,53954.20985,55358.97042
2616,0,65323.67725,65233.32894
2617,0,39410.92413,37781.35032
2618,0,64363.35406,68045.74373
2619,1,48510.3069,62556.18157
2620,0,44111.33173,39994.59705
2621,1,34997.78139,36626.35117
2622,1,47640.83471,41555.57275
2623,0,62838.1686,62706.51442
2624,1,50071.78467,54433.68183
2625,0,61695.89992,66159.85115
2626,1,56405.42935,60971.36573
2627,0,62592.3324,59651.78591
2628,1,64558.22322,70521.65193
2629,0,46787.57234,49572.91413
2630,0,53131.3214,45042.6761
2631,1,58301.91812,68336.37307
2632,1,71247.71403,82779.22796
2633,0,42402.96883,45140.24453
2634,0,42952.71564,38279.94034
2635,1,43952.55335,47322.42066
2636,1,61126.88375,72041.25623
2637,1,49777.21021,49886.10594
2638,1,39674.76096,47817.9795
2639,1,36021.94522,40768.08517
2640,1,38136.63573,43937.60198
2641,0,51998.10434,47819.24695
2642,0,43626.92253,45280.24396
2643,1,47210.3707,53505.74938
2644,1,53525.04968,50978.25673
2645,0,65541.60421,65519.38473
2646,0,38032.11354,41101.59932
2647,1,31406.63228,34480.21603
2648,1,45870.02178,38631.36902
2649,0,52965.75545,52391.67183
2650,0,73943.61901,81275.95867
2651,0,55964.41138,54242.06393
2652,0,40372.67435,47515.92976
2653,0,55827.37583,51765.58805
2654,0,51566.93728,45762.08405
2655,1,53981.47265,58955.95946
2656,0,55779.78524,51666.8934
2657,1,57215.62505,63864.91374
2658,1,60573.68305,63710.82878
2659,0,61059.00424,68428.58947
2660,1,49829.93926,52621.6019
2661,0,29244.11991,29692.80471
2662,1,50819.95556,58801.63421
2663,0,45402.35384,50183.93404
2664,1,47200.06698,59598.28046
2665,1,52806.36404,56632.04771
2666,0,51761.89823,49765.35773
2667,0,42715.38378,33145.80029
2668,1,46699.09808,61907.65554
2669,1,65730.19725,72535.01774
2670,0,67041.02078,70800.06111
2671,1,56688.40131,64467.04568
2672,0,46294.17238,46541.84679
2673,1,36424.8246,43176.5875
2674,0,47202.39832,44404.08607
2675,1,26838.56137,30328.06812
2676,0,42647.98965,37896.96065
2677,0,36028.81815,43815.03797
2678,0,49663.87435,52471.2794
2679,0,28284.28595,38165.14885
2680,1,50284.57581,66766.49204
2681,0,54947.05654,47926.27534
2682,1,30877.45025,40803.59211
2683,0,51948.4234,45158.60502
2684,0,45863.94467,46751.03211
2685,0,59583.8582,61157.50555
2686,0,69203.67502,62767.84428
2687,0,62840.95794,59153.36626
2688,0,57211.35363,59013.111
2689,0,34776.40814,35657.91163
2690,0,48847.75767,43755.89986
2691,1,51909.16524,53419.00976
2692,1,56927.69032,54470.48888
2693,0,53831.6819,47817.06417
2694,0,53308.51305,51451.41099
2695,1,31538.12138,41475.38694
2696,1,41021.69934,51592.86471
2697,1,50953.44199,65120.62547
2698,0,45191.6621,47312.98303
2699,1,43699.7502,49641.16554
2700,1,55142.54756,62618.27927
2701,1,56577.63176,64005.41185
2702,1,36042.10798,32959.53998
2703,0,57045.0654,66489.43234
2704,0,51386.45184,41731.75693
2705,1,50036.95672,60780.7687
2706,1,62676.51511,67958.45
2707,0,38054.7706,32607.28464
2708,0,69925.15353,72582.02568
2709,0,66433.78156,65843.08853
2710,0,54322.62951,50909.93953
2711,1,62005.31658,60097.92827
2712,1,58721.97,56394.43436
2713,0,49420.9225,46366.366
2714,0,45480.50628,43545.56569
2715,0,52072.67329,46019.96063
2716,0,54086.52811,54278.92885
2717,1,63784.69627,63444.01526
2718,1,34644.27877,41445.38237
2719,1,44305.50226,55462.39886
2720,0,39680.44758,41127.31916
2721,1,37421.31844,41952.14449
2722,1,55532.5122,57858.02701
2723,1,37154.15734,49384.65044
2724,0,44982.15807,44014.57948
2725,0,45761.09958,58212.21846
2726,0,55265.36684,49350.18761
2727,0,37654.88002,39104.41643
2728,0,49641.74421,56705.36226
2729,0,63890.24363,60439.56197
2730,0,57890.56687,56709.94512
2731,1,30919.97863,39050.71117
2732,0,58187.77644,60127.22767
2733,0,45020.38153,47818.87685
2734,1,49217.69341,60018.98578
2735,1,53231.85482,56498.08425
2736,1,36107.0127,48292.14219
2737,1,47026.23921,43426.16446
2738,1,53437.87882,63825.06654
2739,1,63257.96648,73993.99491
2740,0,36265.97111,32393.61923
2741,0,74851.89917,67598.71829
2742,0,36672.22603,35511.389
2743,0,63995.94645,66014.96211
2744,0,51131.40457,49455.90951
2745,1,49206.11576,56715.8267
2746,1,42683.68261,57372.40143
2747,1,47119.61126,45296.05156
2748,0,58946.47188,49175.94636
2749,1,36072.64528,40726.15701
2750,1,25121.91343,26721.07055
2751,0,68493.62141,66092.04682
2752,1,38699.30661,50033.87236
2753,0,62794.64932,62191.56769
2754,0,41889.99136,41745.01426
2755,1,62376.53758,65192.54985
2756,0,67473.63198,67279.62614
2757,0,64205.04287,65547.55019
2758,1,45672.26116,64595.20216
2759,1,41096.82152,47495.10894
2760,0,45465.85892,51279.33476
2761,0,34571.98485,35503.98277
2762,0,35295.10449,25156.15784
2763,1,44438.81253,46603.45336
2764,0,48393.6888,49788.24239
2765,0,53733.4856,57350.55832
2766,1,38804.53872,44855.68167
2767,1,44646.64913,54248.40613
2768,0,53616.61061,46316.68662
2769,1,61885.96823,67129.93061
2770,1,42506.42311,54146.23828
2771,0,32061.07502,27203.27503
2772,0,38523.0861,44126.04326
2773,1,48174.31026,58518.84755
2774,0,50226.30853,44041.18526
2775,1,47201.89658,53891.28938
2776,0,47167.81961,47961.88957
2777,0,52787.99812,51906.18466
2778,0,60071.33336,52436.88725
2779,0,34175.72026,32860.42158
2780,0,44705.33036,43923.85103
2781,0,36645.18431,28153.67788
2782,1,69872.75999,68347.00181
2783,1,46991.40253,47356.42556
2784,1,57290.63645,57049.22862
2785,1,38159.69442,44791.04627
2786,0,47689.30523,52246.85786
2787,1,46705.107,50152.39126
2788,0,50978.13293,54809.58077
2789,1,55212.79905,64975.24135
2790,1,33314.00741,37887.5427
2791,1,43102.72226,50142.94098
2792,1,58595.84872,62479.12293
2793,1,48658.19789,48044.04912
2794,0,46873.31554,43139.51828
2795,0,30310.76858,31941.50938
2796,1,36261.65175,40655.00405
2797,0,58484.30882,62170.17389
2798,1,62299.90368,57864.96832
2799,1,32068.93547,28836.07765
2800,0,55954.90898,48313.78471
2801,1,34052.44042,39885.70632
2802,1,46143.27369,44252.7582
2803,1,64872.46155,71473.10738
2804,1,56523.30338,65288.35299
2805,1,42442.085,55023.33387
2806,1,32481.71193,44511.24969
2807,1,55720.57442,57243.47615
2808,0,45863.84334,37515.65338
2809,0,39047.29481,35887.58482
2810,1,41317.07268,51201.25142
2811,0,61218.61505,59270.1647
2812,1,59282.45691,64160.85396
2813,1,54254.44864,56468.64492
2814,0,46480.78682,54386.80065
2815,1,50678.38514,50606.08132
2816,1,39044.80611,44378.63381
2817,0,42410.29301,47951.48582
2818,0,56897.07805,66104.82543
2819,0,48980.05283,45506.04233
2820,0,57214.79324,62018.82257
2821,1,51359.24567,53197.9207
2822,0,60710.805,67596.60435
2823,1,40544.9312,54192.26646
2824,0,34855.29691,30407.32242
2825,0,52525.68846,55793.006
2826,1,35563.95738,46130.39002
2827,1,45688.7443,49217.40737
2828,0,56590.54344,59329.11564
2829,0,70979.39339,73979.47969
2830,0,38205.40335,48253.65403
2831,0,50680.72269,40825.7141
2832,1,63511.1409,68231.57339
2833,0,43921.24739,37669.98038
2834,0,47401.99859,47470.98898
2835,0,59968.58773,56054.29772
2836,1,40319.54241,44044.95632
2837,1,62788.65813,63417.92144
2838,0,45847.86232,46624.69959
2839,1,56835.69323,67205.16408
2840,0,47003.23352,45139.55958
2841,0,44663.99694,51817.10796
2842,1,50810.82543,61030.60947
2843,1,38834.7556,54005.1007
2844,1,43646.37611,50703.16117
2845,1,41147.51314,45839.29293
2846,0,37771.0498,29844.86382
2847,1,47049.10086,48140.66525
2848,0,55711.79406,54672.27911
2849,1,47522.47582,52074.94066
2850,0,49649.9239,61393.53591
2851,1,55232.23186,59197.34795
2852,0,30504.38282,21662.61638
2853,0,52127.39776,55450.24954
2854,1,51604.89624,59637.38744
2855,0,33389.16584,31094.51732
2856,1,48596.24941,64234.6017
2857,0,53011.07339,43527.96812
2858,0,41738.88008,47986.16558
2859,0,47033.92541,45578.44189
2860,0,66653.51918,61901.43028
2861,1,72816.51837,89818.50976
2862,0,43624.12458,47307.60823
2863,1,66850.14279,70357.94937
2864,1,31581.02227,34987.20383
2865,0,36275.34452,37652.4387
2866,1,45315.03887,48005.22129
2867,1,47365.51784,58863.56046
2868,1,59944.47376,65382.90072
2869,0,46116.53062,51204.35288
2870,0,30011.11093,31050.74266
2871,1,56276.06298,65625.23797
2872,1,57826.29826,69553.84702
2873,1,60371.58899,73776.23815
2874,0,50006.82819,52461.56163
2875,1,46294.91901,46962.18359
2876,0,35332.14809,34469.23676
2877,0,51488.76804,51358.07869
2878,0,59678.26024,56812.21605
2879,1,42942.26517,44241.49405
2880,0,41960.51585,42833.0187
2881,0,41548.46042,36631.92223
2882,1,52232.80913,51345.80668
2883,0,34510.39475,26038.21559
2884,0,57508.72779,59910.41127
2885,0,50493.08332,52199.32321
2886,1,21678.44402,25055.0665
2887,1,69451.95074,79423.10712
2888,0,46943.80889,41949.7621
2889,1,52340.24454,59244.61508
2890,1,55873.917,61144.7338
2891,0,43926.45567,40223.05397
2892,1,63697.01108,66234.29893
2893,1,25116.72647,27269.24657
2894,1,52185.34042,58449.11027
2895,0,39943.98624,42911.13061
2896,1,27617.68767,30485.71851
2897,1,31636.40216,33075.87954
2898,0,56686.54805,57372.65869
2899,0,36589.35287,28330.59703
2900,0,63111.67498,63283.46231
2901,0,43726.86554,51535.74296
2902,1,46123.00084,47603.18448
2903,0,68566.47437,67682.19857
2904,0,43919.93857,49042.74732
2905,1,51105.35317,59878.71988
2906,0,44619.52242,44928.71782
2907,1,72758.25428,77465.61165
2908,0,53467.09978,47289.3119
2909,0,45034.68265,47490.44675
2910,0,54802.60501,48085.72995
2911,0,37434.93106,27109.0067
2912,0,29815.12136,34855.6367
2913,1,39083.74828,46018.67977
2914,1,29221.8818,38620.56028
2915,0,41519.34402,37836.79575
2916,1,52016.52905,59348.34888
2917,1,56855.89746,59660.55797
2918,1,51373.52479,54737.31153
2919,0,54624.83624,59493.60686
2920,0,40754.35886,40005.40239
2921,0,62496.18905,59014.26009
2922,1,42074.76553,40247.17342
2923,1,70679.06338,77482.51026
2924,0,60697.71455,65995.09539
2925,0,58378.30535,54462.6634
2926,1,47784.63402,56229.5287
2927,1,54373.13187,54659.23863
2928,1,54734.71899,63481.23051
2929,1,50340.29586,55504.86819
2930,0,50156.18334,51495.3642
2931,1,39680.33716,41193.28542
2932,1,67120.40284,73908.15716
2933,0,48396.39919,45407.96298
2934,1,51571.27919,54502.91173
2935,1,53702.1189,51113.98067
2936,0,59331.28072,55470.51992
2937,1,47396.90959,49769.43307
2938,1,45050.3452,51614.39276
2939,1,61593.81043,69572.08931
2940,0,43502.34773,40462.68885
2941,0,59553.00558,58730.78289
2942,1,47569.38801,61001.31433
2943,0,60800.56059,61456.10341
2944,1,63863.49397,66179.03175
2945,1,55483.19628,52084.95247
2946,0,63289.3332,59019.72063
2947,1,67987.25018,68522.90209
2948,1,70225.90231,85115.27091
2949,0,51864.1617,47621.87409
2950,1,35034.70745,40289.92209
2951,1,46307.928,53161.71579
2952,1,34542.70213,45075.32676
2953,1,44344.23632,49384.35753
2954,0,49009.057,46457.48446
2955,1,59379.15538,61496.47262
2956,1,63845.32048,70627.22044
2957,1,45931.14755,47509.45027
2958,1,61218.57856,60697.67285
2959,0,62571.49217,60018.97056
2960,1,45423.66751,43801.2458
2961,0,50460.79222,59713.87514
2962,0,39700.27725,42683.0408
2963,0,54096.36119,62200.5804
2964,1,67549.33072,74976.5109
2965,1,41216.76923,53839.73438
2966,1,46243.66334,53080.98666
2967,1,54583.86704,63214.77364
2968,1,61815.67716,56147.08203
2969,1,51398.87233,51827.22434
2970,0,53111.09991,53295.73879
2971,0,60294.40556,60600.34438
2972,0,45122.94627,44741.04118
2973,1,54278.14395,61543.12034
2974,1,41948.28248,49419.29717
2975,0,47573.18723,51898.76632
2976,0,44150.92347,47495.89107
2977,1,48709.65885,59730.09585
2978,0,31793.96699,37855.13508
2979,1,51553.24999,57426.57224
2980,1,59961.18215,75369.42609
2981,0,55859.04201,62655.69469
2982,0,53926.34116,49891.58663
2983,1,53829.88985,60792.9065
2984,1,32687.98697,28474.89626
2985,1,45335.04621,41964.0548
2986,1,53229.74504,55732.27338
2987,0,28038.72179,23661.49715
2988,1,46705.52214,49238.80739
2989,1,37116.92383,43759.39314
2990,1,55199.0214,66325.47292
2991,0,54578.0561,60436.81578
2992,1,50812.78422,57878.75291
2993,1,49055.41286,48619.81576
2994,0,47437.19176,44650.25115
2995,0,55082.6864,58268.60302
2996,1,54720.02271,55589.4402
2997,0,62024.51248,55689.92879
2998,0,89262.37706,91723.96269
2999,0,34164.1161,33922.30292
3000,1,56056.06233,60001.46713
